gene_name,gene_type,productive,cell_type,chain,study,study_doi,study_n,prob_mean,prob_L95,prob_H95
1-18,IGHV,FALSE,CD5,IgH,Tucci_2018,https://doi.org/10.1182/blood-2017-09-805762,n=7,0.0174115791550842,0.0144100305513928,0.0206643377453306
1-2,IGHV,FALSE,CD5,IgH,Tucci_2018,https://doi.org/10.1182/blood-2017-09-805762,n=7,0.0330926732879366,0.0284694624321406,0.0383782815712152
1-24,IGHV,FALSE,CD5,IgH,Tucci_2018,https://doi.org/10.1182/blood-2017-09-805762,n=7,0.00343568681690681,0.00247235908241917,0.00461575148070042
1-3,IGHV,FALSE,CD5,IgH,Tucci_2018,https://doi.org/10.1182/blood-2017-09-805762,n=7,0.0234841769105891,0.0197597130664893,0.0274939196867029
1-45,IGHV,FALSE,CD5,IgH,Tucci_2018,https://doi.org/10.1182/blood-2017-09-805762,n=7,0.00458072692566614,0.00338878125600644,0.00595840034130024
1-46,IGHV,FALSE,CD5,IgH,Tucci_2018,https://doi.org/10.1182/blood-2017-09-805762,n=7,0.0123712681267993,0.0100620901360977,0.0149592139793988
1-58,IGHV,FALSE,CD5,IgH,Tucci_2018,https://doi.org/10.1182/blood-2017-09-805762,n=7,0.00410114948569979,0.00298707930289183,0.00543537734869196
1-68|1-68D,IGHV,FALSE,CD5,IgH,Tucci_2018,https://doi.org/10.1182/blood-2017-09-805762,n=7,0.000866492389142087,0.000444559929772035,0.00145013306754119
1-69,IGHV,FALSE,CD5,IgH,Tucci_2018,https://doi.org/10.1182/blood-2017-09-805762,n=7,0.0255431106506747,0.0214024921777985,0.0299497147295328
1-69-2,IGHV,FALSE,CD5,IgH,Tucci_2018,https://doi.org/10.1182/blood-2017-09-805762,n=7,0.000146604281271105,2.87087941892174e-05,0.000414394670038364
1-8,IGHV,FALSE,CD5,IgH,Tucci_2018,https://doi.org/10.1182/blood-2017-09-805762,n=7,0.0184306759301416,0.0153120258762566,0.0219400012350389
1-NL1,IGHV,FALSE,CD5,IgH,Tucci_2018,https://doi.org/10.1182/blood-2017-09-805762,n=7,0.0150480789264813,0.0123197331909568,0.018094168633603
2-10,IGHV,FALSE,CD5,IgH,Tucci_2018,https://doi.org/10.1182/blood-2017-09-805762,n=7,0.00186670750596992,0.00115723222664853,0.00275619400056822
2-26,IGHV,FALSE,CD5,IgH,Tucci_2018,https://doi.org/10.1182/blood-2017-09-805762,n=7,0.00620117801533514,0.00470582812671819,0.00797415916440221
2-5,IGHV,FALSE,CD5,IgH,Tucci_2018,https://doi.org/10.1182/blood-2017-09-805762,n=7,0.011527540809302,0.00926321842351215,0.0140296590187102
2-70|2-70D,IGHV,FALSE,CD5,IgH,Tucci_2018,https://doi.org/10.1182/blood-2017-09-805762,n=7,0.0104279474675135,0.00836896634120399,0.0128308944589713
3-11|3-21|3-48,IGHV,FALSE,CD5,IgH,Tucci_2018,https://doi.org/10.1182/blood-2017-09-805762,n=7,0.0743225935102364,0.065734470193398,0.083745317536684
3-13,IGHV,FALSE,CD5,IgH,Tucci_2018,https://doi.org/10.1182/blood-2017-09-805762,n=7,0.0506239980005587,0.0441329685232286,0.0574685627172051
3-15,IGHV,FALSE,CD5,IgH,Tucci_2018,https://doi.org/10.1182/blood-2017-09-805762,n=7,0.0217396329438995,0.0181996944316466,0.0256239935210285
3-19,IGHV,FALSE,CD5,IgH,Tucci_2018,https://doi.org/10.1182/blood-2017-09-805762,n=7,0.00518956759394101,0.00385871491747568,0.00666659094691246
3-20,IGHV,FALSE,CD5,IgH,Tucci_2018,https://doi.org/10.1182/blood-2017-09-805762,n=7,0.0122594134183891,0.00995189037028302,0.0148058750196675
3-22,IGHV,FALSE,CD5,IgH,Tucci_2018,https://doi.org/10.1182/blood-2017-09-805762,n=7,0.0156768461687138,0.0129375304608068,0.0187715087603052
3-23|3-23D,IGHV,FALSE,CD5,IgH,Tucci_2018,https://doi.org/10.1182/blood-2017-09-805762,n=7,0.0563741786115407,0.0494536630951221,0.0640991375512441
3-25,IGHV,FALSE,CD5,IgH,Tucci_2018,https://doi.org/10.1182/blood-2017-09-805762,n=7,0.000607196419406018,0.000207115473375175,0.00166544940198955
3-30|3-30-3|3-30-5|3-33,IGHV,FALSE,CD5,IgH,Tucci_2018,https://doi.org/10.1182/blood-2017-09-805762,n=7,0.135057470962851,0.12110063895936,0.149854226510019
3-35,IGHV,FALSE,CD5,IgH,Tucci_2018,https://doi.org/10.1182/blood-2017-09-805762,n=7,0.0029307251279823,0.00201727136997522,0.00402622850066601
3-41,IGHV,FALSE,CD5,IgH,Tucci_2018,https://doi.org/10.1182/blood-2017-09-805762,n=7,0.00507673866905765,0.00351511767650134,0.00681325912807629
3-43|3-43D,IGHV,FALSE,CD5,IgH,Tucci_2018,https://doi.org/10.1182/blood-2017-09-805762,n=7,0.0055695870239522,0.00416597948166036,0.00718582262801751
3-47,IGHV,FALSE,CD5,IgH,Tucci_2018,https://doi.org/10.1182/blood-2017-09-805762,n=7,0.00307949928677143,0.00214393627349939,0.00424775680930686
3-49,IGHV,FALSE,CD5,IgH,Tucci_2018,https://doi.org/10.1182/blood-2017-09-805762,n=7,0.010710110113866,0.00852889134058258,0.0131585931837611
3-52,IGHV,FALSE,CD5,IgH,Tucci_2018,https://doi.org/10.1182/blood-2017-09-805762,n=7,0.00854402518375543,0.00674779482097196,0.0106674736634301
3-53|3-66,IGHV,FALSE,CD5,IgH,Tucci_2018,https://doi.org/10.1182/blood-2017-09-805762,n=7,0.0389648911039081,0.0336451971061741,0.0447867150761154
3-64|3-64D,IGHV,FALSE,CD5,IgH,Tucci_2018,https://doi.org/10.1182/blood-2017-09-805762,n=7,0.00874644262563999,0.00685900282955978,0.0109705639299998
3-69-1,IGHV,FALSE,CD5,IgH,Tucci_2018,https://doi.org/10.1182/blood-2017-09-805762,n=7,0.00816026873950469,0.00615913865549266,0.0103940304290405
3-7,IGHV,FALSE,CD5,IgH,Tucci_2018,https://doi.org/10.1182/blood-2017-09-805762,n=7,0.0352212895195334,0.0303075608306487,0.0408933988207005
3-71,IGHV,FALSE,CD5,IgH,Tucci_2018,https://doi.org/10.1182/blood-2017-09-805762,n=7,0.0141371286739107,0.0115265972376622,0.0169918494347302
3-72,IGHV,FALSE,CD5,IgH,Tucci_2018,https://doi.org/10.1182/blood-2017-09-805762,n=7,0.0038919989816238,0.00281038284415518,0.0051962741543406
3-73,IGHV,FALSE,CD5,IgH,Tucci_2018,https://doi.org/10.1182/blood-2017-09-805762,n=7,0.00544753367353967,0.00411553947838078,0.00702178929862851
3-74,IGHV,FALSE,CD5,IgH,Tucci_2018,https://doi.org/10.1182/blood-2017-09-805762,n=7,0.0141675200488556,0.0116161114241111,0.0169843947039826
3-9,IGHV,FALSE,CD5,IgH,Tucci_2018,https://doi.org/10.1182/blood-2017-09-805762,n=7,0.0623622723066332,0.0546711320078711,0.0703708671488747
4-28,IGHV,FALSE,CD5,IgH,Tucci_2018,https://doi.org/10.1182/blood-2017-09-805762,n=7,0.000796464843636467,0.000407039543149428,0.0013798429972743
4-30-2|4-30-4|4-31,IGHV,FALSE,CD5,IgH,Tucci_2018,https://doi.org/10.1182/blood-2017-09-805762,n=7,0.0218082103043815,0.0183102280169493,0.025612288077756
4-34,IGHV,FALSE,CD5,IgH,Tucci_2018,https://doi.org/10.1182/blood-2017-09-805762,n=7,0.0529074457352904,0.046392287552125,0.0601734457719629
4-38-2,IGHV,FALSE,CD5,IgH,Tucci_2018,https://doi.org/10.1182/blood-2017-09-805762,n=7,0.00566759557044039,0.00394493604335686,0.00771124206165531
4-39,IGHV,FALSE,CD5,IgH,Tucci_2018,https://doi.org/10.1182/blood-2017-09-805762,n=7,0.021457065229122,0.0176953172653642,0.0255378336193024
4-4|4-59|4/OR15-8,IGHV,FALSE,CD5,IgH,Tucci_2018,https://doi.org/10.1182/blood-2017-09-805762,n=7,0.0465522032653835,0.0403969654930223,0.0531516481623657
4-55,IGHV,FALSE,CD5,IgH,Tucci_2018,https://doi.org/10.1182/blood-2017-09-805762,n=7,0.00213820198207733,0.00137372956420231,0.00307367474269627
4-61,IGHV,FALSE,CD5,IgH,Tucci_2018,https://doi.org/10.1182/blood-2017-09-805762,n=7,0.00900881781536913,0.00710103110300003,0.0111624157330305
5-10-1,IGHV,FALSE,CD5,IgH,Tucci_2018,https://doi.org/10.1182/blood-2017-09-805762,n=7,0.00457844749160928,0.00240688451931811,0.00739926350639371
5-51,IGHV,FALSE,CD5,IgH,Tucci_2018,https://doi.org/10.1182/blood-2017-09-805762,n=7,0.0141422437809772,0.0113945511927377,0.0172250195771535
5-78,IGHV,FALSE,CD5,IgH,Tucci_2018,https://doi.org/10.1182/blood-2017-09-805762,n=7,0.00469525421602186,3.28160538563535e-05,0.0303565620610859
6-1,IGHV,FALSE,CD5,IgH,Tucci_2018,https://doi.org/10.1182/blood-2017-09-805762,n=7,0.0189145379449099,0.0157031328467111,0.0223841627659981
7-4-1,IGHV,FALSE,CD5,IgH,Tucci_2018,https://doi.org/10.1182/blood-2017-09-805762,n=7,0.012805879360472,0.0096967464608961,0.0163034442707282
7-81,IGHV,FALSE,CD5,IgH,Tucci_2018,https://doi.org/10.1182/blood-2017-09-805762,n=7,0.00119382155600699,0.00061503807964955,0.00210090503527188
1-18,IGHV,TRUE,CD5,IgH,Tucci_2018,https://doi.org/10.1182/blood-2017-09-805762,n=7,0.0385522937373803,0.0299590745646304,0.0485469538025369
1-2,IGHV,TRUE,CD5,IgH,Tucci_2018,https://doi.org/10.1182/blood-2017-09-805762,n=7,0.03616811194193,0.0282681896362407,0.0454991697699064
1-24,IGHV,TRUE,CD5,IgH,Tucci_2018,https://doi.org/10.1182/blood-2017-09-805762,n=7,0.00575335721273763,0.00394994887628014,0.00793211122685487
1-3,IGHV,TRUE,CD5,IgH,Tucci_2018,https://doi.org/10.1182/blood-2017-09-805762,n=7,0.00809104746780128,0.00540893819882275,0.0115187487894108
1-45,IGHV,TRUE,CD5,IgH,Tucci_2018,https://doi.org/10.1182/blood-2017-09-805762,n=7,0.00041181928813832,0.000150327223124141,0.000828103045242812
1-46,IGHV,TRUE,CD5,IgH,Tucci_2018,https://doi.org/10.1182/blood-2017-09-805762,n=7,0.019088529191275,0.0145868910240383,0.0246698743902018
1-58,IGHV,TRUE,CD5,IgH,Tucci_2018,https://doi.org/10.1182/blood-2017-09-805762,n=7,0.00396254158454284,0.00258679394236858,0.0056479142117348
1-68|1-68D,IGHV,TRUE,CD5,IgH,Tucci_2018,https://doi.org/10.1182/blood-2017-09-805762,n=7,4.12171422539641e-05,8.99223825416145e-07,0.000174170434242694
1-69,IGHV,TRUE,CD5,IgH,Tucci_2018,https://doi.org/10.1182/blood-2017-09-805762,n=7,0.066201382991249,0.0525016122076185,0.0816983035520712
1-69-2,IGHV,TRUE,CD5,IgH,Tucci_2018,https://doi.org/10.1182/blood-2017-09-805762,n=7,0.000235953303355203,4.83825835658168e-05,0.000615152835140299
1-8,IGHV,TRUE,CD5,IgH,Tucci_2018,https://doi.org/10.1182/blood-2017-09-805762,n=7,0.0246810041151475,0.0190632499518441,0.0313025308813181
1-NL1,IGHV,TRUE,CD5,IgH,Tucci_2018,https://doi.org/10.1182/blood-2017-09-805762,n=7,6.4740011417738e-05,3.39720829890026e-06,0.000230030512697852
2-10,IGHV,TRUE,CD5,IgH,Tucci_2018,https://doi.org/10.1182/blood-2017-09-805762,n=7,4.72083032900171e-05,1.53086987733851e-06,0.00018795238810466
2-26,IGHV,TRUE,CD5,IgH,Tucci_2018,https://doi.org/10.1182/blood-2017-09-805762,n=7,0.00479699545252088,0.00321159081123414,0.00677059055645448
2-5,IGHV,TRUE,CD5,IgH,Tucci_2018,https://doi.org/10.1182/blood-2017-09-805762,n=7,0.0128189409479998,0.00947330074189296,0.0168414577538187
2-70|2-70D,IGHV,TRUE,CD5,IgH,Tucci_2018,https://doi.org/10.1182/blood-2017-09-805762,n=7,0.00603719867640454,0.00414662337505907,0.00835681265288918
3-11|3-21|3-48,IGHV,TRUE,CD5,IgH,Tucci_2018,https://doi.org/10.1182/blood-2017-09-805762,n=7,0.133099584498278,0.108542374195569,0.161631178441613
3-13,IGHV,TRUE,CD5,IgH,Tucci_2018,https://doi.org/10.1182/blood-2017-09-805762,n=7,0.00503442589661506,0.00341607869737055,0.00709169132485234
3-15,IGHV,TRUE,CD5,IgH,Tucci_2018,https://doi.org/10.1182/blood-2017-09-805762,n=7,0.0256355502895583,0.0196143822395099,0.0327855763142755
3-19,IGHV,TRUE,CD5,IgH,Tucci_2018,https://doi.org/10.1182/blood-2017-09-805762,n=7,0.000516094267850008,0.000205316962353198,0.000989094975402279
3-20,IGHV,TRUE,CD5,IgH,Tucci_2018,https://doi.org/10.1182/blood-2017-09-805762,n=7,0.00300195157443615,0.00188749729119334,0.00441895179172116
3-22,IGHV,TRUE,CD5,IgH,Tucci_2018,https://doi.org/10.1182/blood-2017-09-805762,n=7,6.53698936547416e-05,3.33026420777907e-06,0.000226981446292309
3-23|3-23D,IGHV,TRUE,CD5,IgH,Tucci_2018,https://doi.org/10.1182/blood-2017-09-805762,n=7,0.101991350373339,0.0821416483369178,0.12410814443632
3-25,IGHV,TRUE,CD5,IgH,Tucci_2018,https://doi.org/10.1182/blood-2017-09-805762,n=7,0.000531719068353406,7.26242690548857e-07,0.000739630259525947
3-30|3-30-3|3-30-5|3-33,IGHV,TRUE,CD5,IgH,Tucci_2018,https://doi.org/10.1182/blood-2017-09-805762,n=7,0.131017745599249,0.106994747256232,0.158590713835936
3-35,IGHV,TRUE,CD5,IgH,Tucci_2018,https://doi.org/10.1182/blood-2017-09-805762,n=7,5.13263781129556e-05,1.63526878958186e-06,0.000200550703033092
3-41,IGHV,TRUE,CD5,IgH,Tucci_2018,https://doi.org/10.1182/blood-2017-09-805762,n=7,0.000215448297880245,2.21043712176017e-06,0.00030367506004231
3-43|3-43D,IGHV,TRUE,CD5,IgH,Tucci_2018,https://doi.org/10.1182/blood-2017-09-805762,n=7,0.00279695211744538,0.00169362634620037,0.00413988320313759
3-47,IGHV,TRUE,CD5,IgH,Tucci_2018,https://doi.org/10.1182/blood-2017-09-805762,n=7,0.000275886856563865,8.32549804367961e-05,0.000597831990031048
3-49,IGHV,TRUE,CD5,IgH,Tucci_2018,https://doi.org/10.1182/blood-2017-09-805762,n=7,0.0102520819865666,0.0074652153069393,0.0136273298649198
3-52,IGHV,TRUE,CD5,IgH,Tucci_2018,https://doi.org/10.1182/blood-2017-09-805762,n=7,0.000489991242804552,0.000195246800076455,0.000945490473830435
3-53|3-66,IGHV,TRUE,CD5,IgH,Tucci_2018,https://doi.org/10.1182/blood-2017-09-805762,n=7,0.0184079547234541,0.0139868497965995,0.0235396113465658
3-64|3-64D,IGHV,TRUE,CD5,IgH,Tucci_2018,https://doi.org/10.1182/blood-2017-09-805762,n=7,0.00259862097419722,0.0015729583781468,0.00389364508122425
3-69-1,IGHV,TRUE,CD5,IgH,Tucci_2018,https://doi.org/10.1182/blood-2017-09-805762,n=7,0.000316303185597065,7.85339280770296e-05,0.000764698063699795
3-7,IGHV,TRUE,CD5,IgH,Tucci_2018,https://doi.org/10.1182/blood-2017-09-805762,n=7,0.0305531877761378,0.0237627638752812,0.0385137007531812
3-71,IGHV,TRUE,CD5,IgH,Tucci_2018,https://doi.org/10.1182/blood-2017-09-805762,n=7,6.42333589509161e-05,2.89091709457215e-06,0.000229309009678826
3-72,IGHV,TRUE,CD5,IgH,Tucci_2018,https://doi.org/10.1182/blood-2017-09-805762,n=7,0.0018515350628822,0.00104348071545024,0.00294830413599087
3-73,IGHV,TRUE,CD5,IgH,Tucci_2018,https://doi.org/10.1182/blood-2017-09-805762,n=7,0.00584268911978123,0.00400339943536981,0.00806700043948338
3-74,IGHV,TRUE,CD5,IgH,Tucci_2018,https://doi.org/10.1182/blood-2017-09-805762,n=7,0.014257805833919,0.0107887465648402,0.0186459982058016
3-9,IGHV,TRUE,CD5,IgH,Tucci_2018,https://doi.org/10.1182/blood-2017-09-805762,n=7,0.0331915322921956,0.0257775646382162,0.0421167538424185
4-28,IGHV,TRUE,CD5,IgH,Tucci_2018,https://doi.org/10.1182/blood-2017-09-805762,n=7,0.000206783306265045,4.81749746201167e-05,0.000509518847324166
4-30-2|4-30-4|4-31,IGHV,TRUE,CD5,IgH,Tucci_2018,https://doi.org/10.1182/blood-2017-09-805762,n=7,0.021867551492459,0.0168890379462853,0.0281521820761359
4-34,IGHV,TRUE,CD5,IgH,Tucci_2018,https://doi.org/10.1182/blood-2017-09-805762,n=7,0.0588815077296903,0.0461831560032037,0.0732755026184938
4-38-2,IGHV,TRUE,CD5,IgH,Tucci_2018,https://doi.org/10.1182/blood-2017-09-805762,n=7,0.0100624759488632,0.00683463994463391,0.0140370851025466
4-39,IGHV,TRUE,CD5,IgH,Tucci_2018,https://doi.org/10.1182/blood-2017-09-805762,n=7,0.0331244905632873,0.0253930889566466,0.0425946028185217
4-4|4-59|4/OR15-8,IGHV,TRUE,CD5,IgH,Tucci_2018,https://doi.org/10.1182/blood-2017-09-805762,n=7,0.0612423775581595,0.048923061800013,0.0751908155090382
4-55,IGHV,TRUE,CD5,IgH,Tucci_2018,https://doi.org/10.1182/blood-2017-09-805762,n=7,4.8321507845905e-05,1.32940645425851e-06,0.000190124026404297
4-61,IGHV,TRUE,CD5,IgH,Tucci_2018,https://doi.org/10.1182/blood-2017-09-805762,n=7,0.0171855192433543,0.0129889257271971,0.0221159526041242
5-10-1,IGHV,TRUE,CD5,IgH,Tucci_2018,https://doi.org/10.1182/blood-2017-09-805762,n=7,0.00750238214528422,0.00370050450357064,0.0129887150214337
5-51,IGHV,TRUE,CD5,IgH,Tucci_2018,https://doi.org/10.1182/blood-2017-09-805762,n=7,0.0283439540997784,0.0217994636505833,0.035882108036536
5-78,IGHV,TRUE,CD5,IgH,Tucci_2018,https://doi.org/10.1182/blood-2017-09-805762,n=7,0.0263465345480051,1.83844160004326e-06,0.311136306718284
6-1,IGHV,TRUE,CD5,IgH,Tucci_2018,https://doi.org/10.1182/blood-2017-09-805762,n=7,0.00729309059252156,0.00511205341485239,0.00986410384399044
7-4-1,IGHV,TRUE,CD5,IgH,Tucci_2018,https://doi.org/10.1182/blood-2017-09-805762,n=7,0.00212592089118184,0.000914840597021557,0.00381900153893155
7-81,IGHV,TRUE,CD5,IgH,Tucci_2018,https://doi.org/10.1182/blood-2017-09-805762,n=7,0.000327893844120046,1.11248522664965e-06,0.00019891779874713
1-18,IGHV,FALSE,CS,IgH,Tucci_2018,https://doi.org/10.1182/blood-2017-09-805762,n=7,0.0117902895905271,0.00682507647330362,0.0182617704253006
1-2,IGHV,FALSE,CS,IgH,Tucci_2018,https://doi.org/10.1182/blood-2017-09-805762,n=7,0.0233922093392106,0.0154244968688152,0.0333164217916616
1-24,IGHV,FALSE,CS,IgH,Tucci_2018,https://doi.org/10.1182/blood-2017-09-805762,n=7,0.00365234903677302,0.0017924811179479,0.00644852499514717
1-3,IGHV,FALSE,CS,IgH,Tucci_2018,https://doi.org/10.1182/blood-2017-09-805762,n=7,0.0180379435482235,0.0112002280446459,0.0268714788950519
1-45,IGHV,FALSE,CS,IgH,Tucci_2018,https://doi.org/10.1182/blood-2017-09-805762,n=7,0.00528310178077719,0.00275878265326715,0.00892793917821487
1-46,IGHV,FALSE,CS,IgH,Tucci_2018,https://doi.org/10.1182/blood-2017-09-805762,n=7,0.00976704457796403,0.00562256554173798,0.0153421118303013
1-58,IGHV,FALSE,CS,IgH,Tucci_2018,https://doi.org/10.1182/blood-2017-09-805762,n=7,0.00312984559439459,0.00145335893743617,0.005528834079717
1-68|1-68D,IGHV,FALSE,CS,IgH,Tucci_2018,https://doi.org/10.1182/blood-2017-09-805762,n=7,0.00103575184816945,0.000380426322320237,0.00223927213834556
1-69,IGHV,FALSE,CS,IgH,Tucci_2018,https://doi.org/10.1182/blood-2017-09-805762,n=7,0.0264577179466401,0.017848309719343,0.0372073897324699
1-69-2,IGHV,FALSE,CS,IgH,Tucci_2018,https://doi.org/10.1182/blood-2017-09-805762,n=7,0.00015258143567381,2.34053412968913e-05,0.00048624700520505
1-8,IGHV,FALSE,CS,IgH,Tucci_2018,https://doi.org/10.1182/blood-2017-09-805762,n=7,0.0222764628900249,0.0146894024310137,0.031880928571124
1-NL1,IGHV,FALSE,CS,IgH,Tucci_2018,https://doi.org/10.1182/blood-2017-09-805762,n=7,0.00967864024355277,0.00537403953992302,0.0153479499257791
2-10,IGHV,FALSE,CS,IgH,Tucci_2018,https://doi.org/10.1182/blood-2017-09-805762,n=7,0.0024941487760541,0.00113032080272496,0.00475765810461536
2-26,IGHV,FALSE,CS,IgH,Tucci_2018,https://doi.org/10.1182/blood-2017-09-805762,n=7,0.0107193309319021,0.00620590540667959,0.0170348132770119
2-5,IGHV,FALSE,CS,IgH,Tucci_2018,https://doi.org/10.1182/blood-2017-09-805762,n=7,0.015243289156413,0.00959127513807572,0.0227971645747633
2-70|2-70D,IGHV,FALSE,CS,IgH,Tucci_2018,https://doi.org/10.1182/blood-2017-09-805762,n=7,0.00942999339018518,0.00539957135599286,0.0147955417863854
3-11|3-21|3-48,IGHV,FALSE,CS,IgH,Tucci_2018,https://doi.org/10.1182/blood-2017-09-805762,n=7,0.07112511010786,0.0523855256977739,0.0930408233182263
3-13,IGHV,FALSE,CS,IgH,Tucci_2018,https://doi.org/10.1182/blood-2017-09-805762,n=7,0.0492118888507642,0.0354071888041565,0.0658279743967915
3-15,IGHV,FALSE,CS,IgH,Tucci_2018,https://doi.org/10.1182/blood-2017-09-805762,n=7,0.0197543420611832,0.012813971531474,0.0284832042504818
3-19,IGHV,FALSE,CS,IgH,Tucci_2018,https://doi.org/10.1182/blood-2017-09-805762,n=7,0.00972361809474903,0.00565771659648073,0.015478480427917
3-20,IGHV,FALSE,CS,IgH,Tucci_2018,https://doi.org/10.1182/blood-2017-09-805762,n=7,0.0150434583690383,0.00930988785215353,0.0226189003132293
3-22,IGHV,FALSE,CS,IgH,Tucci_2018,https://doi.org/10.1182/blood-2017-09-805762,n=7,0.0225198742834401,0.0147501487593422,0.032577196764243
3-23|3-23D,IGHV,FALSE,CS,IgH,Tucci_2018,https://doi.org/10.1182/blood-2017-09-805762,n=7,0.0521974152071849,0.0377389633546828,0.0692164620856292
3-25,IGHV,FALSE,CS,IgH,Tucci_2018,https://doi.org/10.1182/blood-2017-09-805762,n=7,0.000673998173527058,0.000174891098189041,0.00196695720917742
3-30|3-30-3|3-30-5|3-33,IGHV,FALSE,CS,IgH,Tucci_2018,https://doi.org/10.1182/blood-2017-09-805762,n=7,0.122931781094617,0.0950009843209898,0.156032496630313
3-35,IGHV,FALSE,CS,IgH,Tucci_2018,https://doi.org/10.1182/blood-2017-09-805762,n=7,0.00412731949218583,0.00201658100268127,0.0073517102615109
3-41,IGHV,FALSE,CS,IgH,Tucci_2018,https://doi.org/10.1182/blood-2017-09-805762,n=7,0.00500139788031452,0.00219616531218109,0.0095510609581642
3-43|3-43D,IGHV,FALSE,CS,IgH,Tucci_2018,https://doi.org/10.1182/blood-2017-09-805762,n=7,0.00546868730517968,0.00288081876112987,0.00911358987656102
3-47,IGHV,FALSE,CS,IgH,Tucci_2018,https://doi.org/10.1182/blood-2017-09-805762,n=7,0.00715134074949462,0.0037352791428346,0.0120423901489111
3-49,IGHV,FALSE,CS,IgH,Tucci_2018,https://doi.org/10.1182/blood-2017-09-805762,n=7,0.00913420058198675,0.00519519350148884,0.0145769876041825
3-52,IGHV,FALSE,CS,IgH,Tucci_2018,https://doi.org/10.1182/blood-2017-09-805762,n=7,0.0174887115243589,0.0108194738667395,0.026355573411609
3-53|3-66,IGHV,FALSE,CS,IgH,Tucci_2018,https://doi.org/10.1182/blood-2017-09-805762,n=7,0.0315796547703834,0.021512369412466,0.0439422890877599
3-64|3-64D,IGHV,FALSE,CS,IgH,Tucci_2018,https://doi.org/10.1182/blood-2017-09-805762,n=7,0.00537097826625316,0.00257743836446658,0.00923629429803589
3-69-1,IGHV,FALSE,CS,IgH,Tucci_2018,https://doi.org/10.1182/blood-2017-09-805762,n=7,0.0172921317533842,0.010115366611877,0.0270897819122991
3-7,IGHV,FALSE,CS,IgH,Tucci_2018,https://doi.org/10.1182/blood-2017-09-805762,n=7,0.0372981937548144,0.0262758648430826,0.0508309532082021
3-71,IGHV,FALSE,CS,IgH,Tucci_2018,https://doi.org/10.1182/blood-2017-09-805762,n=7,0.0214849854208428,0.0139243708970685,0.0314145689943111
3-72,IGHV,FALSE,CS,IgH,Tucci_2018,https://doi.org/10.1182/blood-2017-09-805762,n=7,0.00415899967432098,0.00208069578218934,0.00720244573290701
3-73,IGHV,FALSE,CS,IgH,Tucci_2018,https://doi.org/10.1182/blood-2017-09-805762,n=7,0.00662520524784435,0.00359375077893385,0.0108861701863217
3-74,IGHV,FALSE,CS,IgH,Tucci_2018,https://doi.org/10.1182/blood-2017-09-805762,n=7,0.015608063621998,0.0098109198022817,0.0230820342259905
3-9,IGHV,FALSE,CS,IgH,Tucci_2018,https://doi.org/10.1182/blood-2017-09-805762,n=7,0.0504040108447637,0.0364028275639785,0.0669667322908629
4-28,IGHV,FALSE,CS,IgH,Tucci_2018,https://doi.org/10.1182/blood-2017-09-805762,n=7,0.000919700226643529,0.000321148451656203,0.00205543898508597
4-30-2|4-30-4|4-31,IGHV,FALSE,CS,IgH,Tucci_2018,https://doi.org/10.1182/blood-2017-09-805762,n=7,0.0285716381602398,0.0194919501083403,0.0397855937866743
4-34,IGHV,FALSE,CS,IgH,Tucci_2018,https://doi.org/10.1182/blood-2017-09-805762,n=7,0.0513898736021721,0.0372527561161788,0.0682956231552204
4-38-2,IGHV,FALSE,CS,IgH,Tucci_2018,https://doi.org/10.1182/blood-2017-09-805762,n=7,0.00483643552524329,0.00222930866116847,0.00882086329119708
4-39,IGHV,FALSE,CS,IgH,Tucci_2018,https://doi.org/10.1182/blood-2017-09-805762,n=7,0.0171196366901356,0.0102561113497657,0.0258316321523589
4-4|4-59|4/OR15-8,IGHV,FALSE,CS,IgH,Tucci_2018,https://doi.org/10.1182/blood-2017-09-805762,n=7,0.0385224137223143,0.0271716077858458,0.0522276774358523
4-55,IGHV,FALSE,CS,IgH,Tucci_2018,https://doi.org/10.1182/blood-2017-09-805762,n=7,0.0024685675675373,0.0011040228323458,0.00467396540396429
4-61,IGHV,FALSE,CS,IgH,Tucci_2018,https://doi.org/10.1182/blood-2017-09-805762,n=7,0.00779247727395269,0.00432654282153816,0.0124138984560624
5-10-1,IGHV,FALSE,CS,IgH,Tucci_2018,https://doi.org/10.1182/blood-2017-09-805762,n=7,0.0058280870994515,0.00222855838140127,0.0123996587216627
5-51,IGHV,FALSE,CS,IgH,Tucci_2018,https://doi.org/10.1182/blood-2017-09-805762,n=7,0.0159724491116692,0.00991368706974553,0.0239366471787124
5-78,IGHV,FALSE,CS,IgH,Tucci_2018,https://doi.org/10.1182/blood-2017-09-805762,n=7,0.00500529173719119,2.91335886498539e-05,0.0335225325297068
6-1,IGHV,FALSE,CS,IgH,Tucci_2018,https://doi.org/10.1182/blood-2017-09-805762,n=7,0.021808273033834,0.0143416062238563,0.0312300348331373
7-4-1,IGHV,FALSE,CS,IgH,Tucci_2018,https://doi.org/10.1182/blood-2017-09-805762,n=7,0.0113224793954923,0.00496497400768127,0.0212578118521524
7-81,IGHV,FALSE,CS,IgH,Tucci_2018,https://doi.org/10.1182/blood-2017-09-805762,n=7,0.00117398571736421,0.000424961474025123,0.00253142276327107
1-18,IGHV,TRUE,CS,IgH,Tucci_2018,https://doi.org/10.1182/blood-2017-09-805762,n=7,0.027470719244983,0.0218262662319524,0.0337967980922729
1-2,IGHV,TRUE,CS,IgH,Tucci_2018,https://doi.org/10.1182/blood-2017-09-805762,n=7,0.0277623782059584,0.0219924695352399,0.0344079959387262
1-24,IGHV,TRUE,CS,IgH,Tucci_2018,https://doi.org/10.1182/blood-2017-09-805762,n=7,0.0045608603651506,0.00293404065965577,0.00648707280855081
1-3,IGHV,TRUE,CS,IgH,Tucci_2018,https://doi.org/10.1182/blood-2017-09-805762,n=7,0.0138831706519665,0.00947851530241895,0.0192108125987963
1-45,IGHV,TRUE,CS,IgH,Tucci_2018,https://doi.org/10.1182/blood-2017-09-805762,n=7,0.000173125208054676,2.02530650990795e-05,0.000491204107516255
1-46,IGHV,TRUE,CS,IgH,Tucci_2018,https://doi.org/10.1182/blood-2017-09-805762,n=7,0.0127328138475897,0.00960401201065788,0.0162847143320972
1-58,IGHV,TRUE,CS,IgH,Tucci_2018,https://doi.org/10.1182/blood-2017-09-805762,n=7,0.00149062975471941,0.000722709609228617,0.00253179622266476
1-68|1-68D,IGHV,TRUE,CS,IgH,Tucci_2018,https://doi.org/10.1182/blood-2017-09-805762,n=7,6.78533991283993e-05,1.87309632614762e-06,0.000285347145376269
1-69,IGHV,TRUE,CS,IgH,Tucci_2018,https://doi.org/10.1182/blood-2017-09-805762,n=7,0.0193243213521155,0.0150314136563963,0.0241436106419439
1-69-2,IGHV,TRUE,CS,IgH,Tucci_2018,https://doi.org/10.1182/blood-2017-09-805762,n=7,0.000131261221438355,7.16943962076084e-06,0.000511549374171169
1-8,IGHV,TRUE,CS,IgH,Tucci_2018,https://doi.org/10.1182/blood-2017-09-805762,n=7,0.0129116109322687,0.0097455607588629,0.0165530436251057
1-NL1,IGHV,TRUE,CS,IgH,Tucci_2018,https://doi.org/10.1182/blood-2017-09-805762,n=7,0.000111586905924822,6.21037586801435e-06,0.000387076349729097
2-10,IGHV,TRUE,CS,IgH,Tucci_2018,https://doi.org/10.1182/blood-2017-09-805762,n=7,7.81781116615569e-05,2.89125712773587e-06,0.000309577201680372
2-26,IGHV,TRUE,CS,IgH,Tucci_2018,https://doi.org/10.1182/blood-2017-09-805762,n=7,0.00600847372060071,0.00408118617113893,0.00832329774060058
2-5,IGHV,TRUE,CS,IgH,Tucci_2018,https://doi.org/10.1182/blood-2017-09-805762,n=7,0.0216996504034766,0.0170321491906971,0.0270985071321377
2-70|2-70D,IGHV,TRUE,CS,IgH,Tucci_2018,https://doi.org/10.1182/blood-2017-09-805762,n=7,0.00885145237933613,0.00637796081465712,0.0117197542929341
3-11|3-21|3-48,IGHV,TRUE,CS,IgH,Tucci_2018,https://doi.org/10.1182/blood-2017-09-805762,n=7,0.101685367054474,0.0852954755867932,0.120284274913911
3-13,IGHV,TRUE,CS,IgH,Tucci_2018,https://doi.org/10.1182/blood-2017-09-805762,n=7,0.00739753601658015,0.00520083672440974,0.0100360570161602
3-15,IGHV,TRUE,CS,IgH,Tucci_2018,https://doi.org/10.1182/blood-2017-09-805762,n=7,0.0447250875484437,0.0366763095615205,0.0539438128094605
3-19,IGHV,TRUE,CS,IgH,Tucci_2018,https://doi.org/10.1182/blood-2017-09-805762,n=7,0.000394257345819608,0.000109092051936719,0.000892060634888642
3-20,IGHV,TRUE,CS,IgH,Tucci_2018,https://doi.org/10.1182/blood-2017-09-805762,n=7,0.00283172097977537,0.00166595522844788,0.00431697038377237
3-22,IGHV,TRUE,CS,IgH,Tucci_2018,https://doi.org/10.1182/blood-2017-09-805762,n=7,0.00011150728106007,6.31052858343731e-06,0.000383148075756376
3-23|3-23D,IGHV,TRUE,CS,IgH,Tucci_2018,https://doi.org/10.1182/blood-2017-09-805762,n=7,0.118845368044604,0.0999659875557843,0.139245664983341
3-25,IGHV,TRUE,CS,IgH,Tucci_2018,https://doi.org/10.1182/blood-2017-09-805762,n=7,0.000421962106553696,1.20806111648021e-06,0.000720242842277455
3-30|3-30-3|3-30-5|3-33,IGHV,TRUE,CS,IgH,Tucci_2018,https://doi.org/10.1182/blood-2017-09-805762,n=7,0.0974301952406273,0.0817752469599618,0.115238866468454
3-35,IGHV,TRUE,CS,IgH,Tucci_2018,https://doi.org/10.1182/blood-2017-09-805762,n=7,8.48139848825944e-05,3.10046500385987e-06,0.000320941007486065
3-41,IGHV,TRUE,CS,IgH,Tucci_2018,https://doi.org/10.1182/blood-2017-09-805762,n=7,0.000328807670578509,4.29219060547965e-06,0.000540802862422111
3-43|3-43D,IGHV,TRUE,CS,IgH,Tucci_2018,https://doi.org/10.1182/blood-2017-09-805762,n=7,0.00322873900232771,0.00195484319447324,0.00481288688277831
3-47,IGHV,TRUE,CS,IgH,Tucci_2018,https://doi.org/10.1182/blood-2017-09-805762,n=7,0.000289427743097372,5.40555749962396e-05,0.000731418336681398
3-49,IGHV,TRUE,CS,IgH,Tucci_2018,https://doi.org/10.1182/blood-2017-09-805762,n=7,0.0163727859680291,0.0125983968530426,0.0208084843125397
3-52,IGHV,TRUE,CS,IgH,Tucci_2018,https://doi.org/10.1182/blood-2017-09-805762,n=7,0.000538187262656222,0.000175386247966076,0.00112028546977555
3-53|3-66,IGHV,TRUE,CS,IgH,Tucci_2018,https://doi.org/10.1182/blood-2017-09-805762,n=7,0.0223675317837908,0.0175287832386114,0.0279139573453952
3-64|3-64D,IGHV,TRUE,CS,IgH,Tucci_2018,https://doi.org/10.1182/blood-2017-09-805762,n=7,0.00324319977066664,0.00183679986684776,0.00502770435643759
3-69-1,IGHV,TRUE,CS,IgH,Tucci_2018,https://doi.org/10.1182/blood-2017-09-805762,n=7,0.00084556358964518,0.0003491827843581,0.0015970202887232
3-7,IGHV,TRUE,CS,IgH,Tucci_2018,https://doi.org/10.1182/blood-2017-09-805762,n=7,0.076711660829566,0.0638383994603267,0.0913383855490262
3-71,IGHV,TRUE,CS,IgH,Tucci_2018,https://doi.org/10.1182/blood-2017-09-805762,n=7,0.000195910084503278,2.44331971427644e-05,0.000551535449717619
3-72,IGHV,TRUE,CS,IgH,Tucci_2018,https://doi.org/10.1182/blood-2017-09-805762,n=7,0.0167539209575521,0.0128714567667449,0.0212358577437949
3-73,IGHV,TRUE,CS,IgH,Tucci_2018,https://doi.org/10.1182/blood-2017-09-805762,n=7,0.00722783554837156,0.00509563579264757,0.00979588591224539
3-74,IGHV,TRUE,CS,IgH,Tucci_2018,https://doi.org/10.1182/blood-2017-09-805762,n=7,0.043398075412135,0.0353437696918755,0.0525566049025372
3-9,IGHV,TRUE,CS,IgH,Tucci_2018,https://doi.org/10.1182/blood-2017-09-805762,n=7,0.03598429917938,0.029167017162938,0.0437672136700985
4-28,IGHV,TRUE,CS,IgH,Tucci_2018,https://doi.org/10.1182/blood-2017-09-805762,n=7,0.00014645452033334,1.19709928987239e-05,0.000461044034984942
4-30-2|4-30-4|4-31,IGHV,TRUE,CS,IgH,Tucci_2018,https://doi.org/10.1182/blood-2017-09-805762,n=7,0.023312556114596,0.018374786799005,0.0290343765280338
4-34,IGHV,TRUE,CS,IgH,Tucci_2018,https://doi.org/10.1182/blood-2017-09-805762,n=7,0.0216964918920073,0.0170590148008005,0.0271384989362608
4-38-2,IGHV,TRUE,CS,IgH,Tucci_2018,https://doi.org/10.1182/blood-2017-09-805762,n=7,0.0179382184324463,0.0132539613282325,0.0235570498347448
4-39,IGHV,TRUE,CS,IgH,Tucci_2018,https://doi.org/10.1182/blood-2017-09-805762,n=7,0.0339815596275051,0.0269269393774143,0.0425436273202764
4-4|4-59|4/OR15-8,IGHV,TRUE,CS,IgH,Tucci_2018,https://doi.org/10.1182/blood-2017-09-805762,n=7,0.058943435912711,0.0484391589336756,0.0707031023695943
4-55,IGHV,TRUE,CS,IgH,Tucci_2018,https://doi.org/10.1182/blood-2017-09-805762,n=7,7.95723312903326e-05,2.89435881879886e-06,0.000303008785840436
4-61,IGHV,TRUE,CS,IgH,Tucci_2018,https://doi.org/10.1182/blood-2017-09-805762,n=7,0.0294667916045709,0.0236323277844922,0.0362290284445047
5-10-1,IGHV,TRUE,CS,IgH,Tucci_2018,https://doi.org/10.1182/blood-2017-09-805762,n=7,0.0119645550677538,0.00668965189594158,0.0192247947586797
5-51,IGHV,TRUE,CS,IgH,Tucci_2018,https://doi.org/10.1182/blood-2017-09-805762,n=7,0.0383020410557757,0.0309634009316934,0.0466248990031915
5-78,IGHV,TRUE,CS,IgH,Tucci_2018,https://doi.org/10.1182/blood-2017-09-805762,n=7,0.000802282803989959,2.61829542335316e-05,0.00308609877563783
6-1,IGHV,TRUE,CS,IgH,Tucci_2018,https://doi.org/10.1182/blood-2017-09-805762,n=7,0.0169564704676653,0.0131468245197904,0.0213589485857127
7-4-1,IGHV,TRUE,CS,IgH,Tucci_2018,https://doi.org/10.1182/blood-2017-09-805762,n=7,0.000600965809891379,0.00010171723629661,0.00174748029700298
7-81,IGHV,TRUE,CS,IgH,Tucci_2018,https://doi.org/10.1182/blood-2017-09-805762,n=7,0.000110863562852226,2.00373457328015e-06,0.000331593428453467
1-18,IGHV,FALSE,N,IgH,Tucci_2018,https://doi.org/10.1182/blood-2017-09-805762,n=7,0.0178202558336989,0.0147975991208334,0.0211305171399622
1-2,IGHV,FALSE,N,IgH,Tucci_2018,https://doi.org/10.1182/blood-2017-09-805762,n=7,0.0329767235602933,0.0282512457784976,0.0381581853570198
1-24,IGHV,FALSE,N,IgH,Tucci_2018,https://doi.org/10.1182/blood-2017-09-805762,n=7,0.00344936887603359,0.00248256338654934,0.00467139476408381
1-3,IGHV,FALSE,N,IgH,Tucci_2018,https://doi.org/10.1182/blood-2017-09-805762,n=7,0.0240888378383409,0.0203653156588093,0.0283149264361569
1-45,IGHV,FALSE,N,IgH,Tucci_2018,https://doi.org/10.1182/blood-2017-09-805762,n=7,0.0045740546247441,0.00340559939153314,0.00595907514134186
1-46,IGHV,FALSE,N,IgH,Tucci_2018,https://doi.org/10.1182/blood-2017-09-805762,n=7,0.0125117322298554,0.0101871887370854,0.0151936810795126
1-58,IGHV,FALSE,N,IgH,Tucci_2018,https://doi.org/10.1182/blood-2017-09-805762,n=7,0.00407048998658776,0.00297973470876077,0.00535578516546322
1-68|1-68D,IGHV,FALSE,N,IgH,Tucci_2018,https://doi.org/10.1182/blood-2017-09-805762,n=7,0.000868346327979994,0.000447984644892326,0.00144763814670179
1-69,IGHV,FALSE,N,IgH,Tucci_2018,https://doi.org/10.1182/blood-2017-09-805762,n=7,0.0268050939473871,0.0227588054694187,0.0314296932133188
1-69-2,IGHV,FALSE,N,IgH,Tucci_2018,https://doi.org/10.1182/blood-2017-09-805762,n=7,0.000146569114099145,2.9124838101484e-05,0.00041337475628826
1-8,IGHV,FALSE,N,IgH,Tucci_2018,https://doi.org/10.1182/blood-2017-09-805762,n=7,0.0189013478833305,0.015765639683074,0.022452786145947
1-NL1,IGHV,FALSE,N,IgH,Tucci_2018,https://doi.org/10.1182/blood-2017-09-805762,n=7,0.0153142021027619,0.0126231294219277,0.018432313248716
2-10,IGHV,FALSE,N,IgH,Tucci_2018,https://doi.org/10.1182/blood-2017-09-805762,n=7,0.00185214545773467,0.00116399944999652,0.00275844568766273
2-26,IGHV,FALSE,N,IgH,Tucci_2018,https://doi.org/10.1182/blood-2017-09-805762,n=7,0.00610541862886386,0.00462393913072341,0.0077899763377107
2-5,IGHV,FALSE,N,IgH,Tucci_2018,https://doi.org/10.1182/blood-2017-09-805762,n=7,0.0115329355996614,0.00929914938100785,0.0139774550279907
2-70|2-70D,IGHV,FALSE,N,IgH,Tucci_2018,https://doi.org/10.1182/blood-2017-09-805762,n=7,0.0104349180860587,0.00838629624996546,0.0128140501055655
3-11|3-21|3-48,IGHV,FALSE,N,IgH,Tucci_2018,https://doi.org/10.1182/blood-2017-09-805762,n=7,0.075199831239788,0.0665769865562881,0.0846541491715427
3-13,IGHV,FALSE,N,IgH,Tucci_2018,https://doi.org/10.1182/blood-2017-09-805762,n=7,0.0498240293746996,0.0435899618730682,0.0564451006009401
3-15,IGHV,FALSE,N,IgH,Tucci_2018,https://doi.org/10.1182/blood-2017-09-805762,n=7,0.0215521951549953,0.0181384723431844,0.0254260277192927
3-19,IGHV,FALSE,N,IgH,Tucci_2018,https://doi.org/10.1182/blood-2017-09-805762,n=7,0.00523224761042676,0.0038812420008331,0.00677024039432946
3-20,IGHV,FALSE,N,IgH,Tucci_2018,https://doi.org/10.1182/blood-2017-09-805762,n=7,0.0122762279291375,0.00995242514169213,0.0148399141715881
3-22,IGHV,FALSE,N,IgH,Tucci_2018,https://doi.org/10.1182/blood-2017-09-805762,n=7,0.0158181492909994,0.0131221170725967,0.0188124024499801
3-23|3-23D,IGHV,FALSE,N,IgH,Tucci_2018,https://doi.org/10.1182/blood-2017-09-805762,n=7,0.0558554460331131,0.0491452695488624,0.0633849974117663
3-25,IGHV,FALSE,N,IgH,Tucci_2018,https://doi.org/10.1182/blood-2017-09-805762,n=7,0.000608216159086062,0.000211366613149279,0.00168089095019278
3-30|3-30-3|3-30-5|3-33,IGHV,FALSE,N,IgH,Tucci_2018,https://doi.org/10.1182/blood-2017-09-805762,n=7,0.133346791920065,0.1199064857475,0.147568779636264
3-35,IGHV,FALSE,N,IgH,Tucci_2018,https://doi.org/10.1182/blood-2017-09-805762,n=7,0.0029443568286497,0.00202830878375846,0.00402323618498533
3-41,IGHV,FALSE,N,IgH,Tucci_2018,https://doi.org/10.1182/blood-2017-09-805762,n=7,0.00500675399629837,0.00347914480569486,0.00672960493996963
3-43|3-43D,IGHV,FALSE,N,IgH,Tucci_2018,https://doi.org/10.1182/blood-2017-09-805762,n=7,0.00548616655677567,0.00413699553292123,0.00701566197537911
3-47,IGHV,FALSE,N,IgH,Tucci_2018,https://doi.org/10.1182/blood-2017-09-805762,n=7,0.00302510776785433,0.00211168115779281,0.00415581213685413
3-49,IGHV,FALSE,N,IgH,Tucci_2018,https://doi.org/10.1182/blood-2017-09-805762,n=7,0.0110301101980459,0.00880250594606007,0.0135581145506018
3-52,IGHV,FALSE,N,IgH,Tucci_2018,https://doi.org/10.1182/blood-2017-09-805762,n=7,0.00870962449629418,0.00688297757315947,0.0108349922901298
3-53|3-66,IGHV,FALSE,N,IgH,Tucci_2018,https://doi.org/10.1182/blood-2017-09-805762,n=7,0.0385095474858054,0.0332893043598044,0.0440091185218013
3-64|3-64D,IGHV,FALSE,N,IgH,Tucci_2018,https://doi.org/10.1182/blood-2017-09-805762,n=7,0.00855700470144512,0.00671218101484981,0.0106335529524452
3-69-1,IGHV,FALSE,N,IgH,Tucci_2018,https://doi.org/10.1182/blood-2017-09-805762,n=7,0.00796709346496313,0.00605966669138744,0.0101352467275732
3-7,IGHV,FALSE,N,IgH,Tucci_2018,https://doi.org/10.1182/blood-2017-09-805762,n=7,0.0342198642233777,0.0294074838650003,0.0392916643596978
3-71,IGHV,FALSE,N,IgH,Tucci_2018,https://doi.org/10.1182/blood-2017-09-805762,n=7,0.0141954058684495,0.0116040084098469,0.0170579288412614
3-72,IGHV,FALSE,N,IgH,Tucci_2018,https://doi.org/10.1182/blood-2017-09-805762,n=7,0.0038563746417277,0.00278384438397192,0.00514074486030372
3-73,IGHV,FALSE,N,IgH,Tucci_2018,https://doi.org/10.1182/blood-2017-09-805762,n=7,0.00549365886810488,0.00416173331882318,0.00709146083273287
3-74,IGHV,FALSE,N,IgH,Tucci_2018,https://doi.org/10.1182/blood-2017-09-805762,n=7,0.01420022407202,0.011676596048624,0.017014825924258
3-9,IGHV,FALSE,N,IgH,Tucci_2018,https://doi.org/10.1182/blood-2017-09-805762,n=7,0.0628782157496547,0.055187038816549,0.0712487241910381
4-28,IGHV,FALSE,N,IgH,Tucci_2018,https://doi.org/10.1182/blood-2017-09-805762,n=7,0.000789454162177289,0.000408346708236323,0.00136033322606304
4-30-2|4-30-4|4-31,IGHV,FALSE,N,IgH,Tucci_2018,https://doi.org/10.1182/blood-2017-09-805762,n=7,0.021641850310987,0.0181605072171826,0.0253678485638072
4-34,IGHV,FALSE,N,IgH,Tucci_2018,https://doi.org/10.1182/blood-2017-09-805762,n=7,0.0527013850420726,0.0461640733559485,0.0598583562294832
4-38-2,IGHV,FALSE,N,IgH,Tucci_2018,https://doi.org/10.1182/blood-2017-09-805762,n=7,0.00567993104615403,0.00396197937682936,0.0076914915292235
4-39,IGHV,FALSE,N,IgH,Tucci_2018,https://doi.org/10.1182/blood-2017-09-805762,n=7,0.0215657642143614,0.0178793323185939,0.0257183993220612
4-4|4-59|4/OR15-8,IGHV,FALSE,N,IgH,Tucci_2018,https://doi.org/10.1182/blood-2017-09-805762,n=7,0.0463680791449912,0.0403897799049891,0.0527707142444175
4-55,IGHV,FALSE,N,IgH,Tucci_2018,https://doi.org/10.1182/blood-2017-09-805762,n=7,0.00215137206758235,0.00138249283620061,0.00310876592789155
4-61,IGHV,FALSE,N,IgH,Tucci_2018,https://doi.org/10.1182/blood-2017-09-805762,n=7,0.00895302384005176,0.00703756091716393,0.0111033102831074
5-10-1,IGHV,FALSE,N,IgH,Tucci_2018,https://doi.org/10.1182/blood-2017-09-805762,n=7,0.00457858984014805,0.00241434413981396,0.00736355119651178
5-51,IGHV,FALSE,N,IgH,Tucci_2018,https://doi.org/10.1182/blood-2017-09-805762,n=7,0.0139744389333313,0.0113357000362239,0.016995371351264
5-78,IGHV,FALSE,N,IgH,Tucci_2018,https://doi.org/10.1182/blood-2017-09-805762,n=7,0.00470923164950585,3.31146175673997e-05,0.0303619825777095
6-1,IGHV,FALSE,N,IgH,Tucci_2018,https://doi.org/10.1182/blood-2017-09-805762,n=7,0.0193764117625096,0.016151013533238,0.0229462124000907
7-4-1,IGHV,FALSE,N,IgH,Tucci_2018,https://doi.org/10.1182/blood-2017-09-805762,n=7,0.0128249702375315,0.00973764822459639,0.0163940947456362
7-81,IGHV,FALSE,N,IgH,Tucci_2018,https://doi.org/10.1182/blood-2017-09-805762,n=7,0.00118141556992354,0.000612951813059506,0.00210247652835795
1-18,IGHV,TRUE,N,IgH,Tucci_2018,https://doi.org/10.1182/blood-2017-09-805762,n=7,0.0424866652104097,0.0341095607304011,0.0520541421353858
1-2,IGHV,TRUE,N,IgH,Tucci_2018,https://doi.org/10.1182/blood-2017-09-805762,n=7,0.039009856659036,0.0311971092553204,0.0477587462010454
1-24,IGHV,TRUE,N,IgH,Tucci_2018,https://doi.org/10.1182/blood-2017-09-805762,n=7,0.00832446511714566,0.00614563299208721,0.0109538385889819
1-3,IGHV,TRUE,N,IgH,Tucci_2018,https://doi.org/10.1182/blood-2017-09-805762,n=7,0.0145727207905864,0.0101710418860778,0.0200658187648836
1-45,IGHV,TRUE,N,IgH,Tucci_2018,https://doi.org/10.1182/blood-2017-09-805762,n=7,0.00060785025426776,0.000266914562446571,0.00108945316166121
1-46,IGHV,TRUE,N,IgH,Tucci_2018,https://doi.org/10.1182/blood-2017-09-805762,n=7,0.0221814567700574,0.0173711071742556,0.0278778274334919
1-58,IGHV,TRUE,N,IgH,Tucci_2018,https://doi.org/10.1182/blood-2017-09-805762,n=7,0.00513642873693081,0.00355723432723005,0.00700179411392068
1-68|1-68D,IGHV,TRUE,N,IgH,Tucci_2018,https://doi.org/10.1182/blood-2017-09-805762,n=7,0.000149007009222921,2.49125384557333e-05,0.000396083235814777
1-69,IGHV,TRUE,N,IgH,Tucci_2018,https://doi.org/10.1182/blood-2017-09-805762,n=7,0.082802625000452,0.0677142831711996,0.100249764406946
1-69-2,IGHV,TRUE,N,IgH,Tucci_2018,https://doi.org/10.1182/blood-2017-09-805762,n=7,0.000179893477450626,3.65340986967928e-05,0.000469520094026454
1-8,IGHV,TRUE,N,IgH,Tucci_2018,https://doi.org/10.1182/blood-2017-09-805762,n=7,0.0211396282294308,0.0165987968135401,0.026508164199086
1-NL1,IGHV,TRUE,N,IgH,Tucci_2018,https://doi.org/10.1182/blood-2017-09-805762,n=7,6.28990252794362e-05,3.41806182277199e-06,0.000218087105700728
2-10,IGHV,TRUE,N,IgH,Tucci_2018,https://doi.org/10.1182/blood-2017-09-805762,n=7,4.55551403422933e-05,1.733706380736e-06,0.00017489815352721
2-26,IGHV,TRUE,N,IgH,Tucci_2018,https://doi.org/10.1182/blood-2017-09-805762,n=7,0.00644420586250409,0.00460240019676725,0.00860645418595401
2-5,IGHV,TRUE,N,IgH,Tucci_2018,https://doi.org/10.1182/blood-2017-09-805762,n=7,0.0150019676411567,0.0114362737208812,0.0190998842169822
2-70|2-70D,IGHV,TRUE,N,IgH,Tucci_2018,https://doi.org/10.1182/blood-2017-09-805762,n=7,0.00834641455689199,0.00609565669860988,0.0109765929422219
3-11|3-21|3-48,IGHV,TRUE,N,IgH,Tucci_2018,https://doi.org/10.1182/blood-2017-09-805762,n=7,0.121233170520883,0.100917417043044,0.144406445231909
3-13,IGHV,TRUE,N,IgH,Tucci_2018,https://doi.org/10.1182/blood-2017-09-805762,n=7,0.00533966663999348,0.0037418203199627,0.00726458414793854
3-15,IGHV,TRUE,N,IgH,Tucci_2018,https://doi.org/10.1182/blood-2017-09-805762,n=7,0.0300376704546539,0.0238816877506766,0.0372974005488203
3-19,IGHV,TRUE,N,IgH,Tucci_2018,https://doi.org/10.1182/blood-2017-09-805762,n=7,0.000291749237258846,9.09046692504916e-05,0.000620261869263542
3-20,IGHV,TRUE,N,IgH,Tucci_2018,https://doi.org/10.1182/blood-2017-09-805762,n=7,0.00393458761787436,0.00260281324139014,0.00555971685563798
3-22,IGHV,TRUE,N,IgH,Tucci_2018,https://doi.org/10.1182/blood-2017-09-805762,n=7,6.3471108028752e-05,3.38496398994631e-06,0.000222167112465182
3-23|3-23D,IGHV,TRUE,N,IgH,Tucci_2018,https://doi.org/10.1182/blood-2017-09-805762,n=7,0.0889528562261955,0.0733147416191742,0.106820484386007
3-25,IGHV,TRUE,N,IgH,Tucci_2018,https://doi.org/10.1182/blood-2017-09-805762,n=7,0.000613910446512654,7.5537830683422e-07,0.000767035610384103
3-30|3-30-3|3-30-5|3-33,IGHV,TRUE,N,IgH,Tucci_2018,https://doi.org/10.1182/blood-2017-09-805762,n=7,0.124894963133361,0.103705074396215,0.149262301561289
3-35,IGHV,TRUE,N,IgH,Tucci_2018,https://doi.org/10.1182/blood-2017-09-805762,n=7,9.5931548267356e-05,1.15645577374564e-05,0.000280266127586159
3-41,IGHV,TRUE,N,IgH,Tucci_2018,https://doi.org/10.1182/blood-2017-09-805762,n=7,0.00103665391895475,2.04422020440942e-06,0.000375721309453665
3-43|3-43D,IGHV,TRUE,N,IgH,Tucci_2018,https://doi.org/10.1182/blood-2017-09-805762,n=7,0.00373488262844942,0.00247215696681279,0.00525952259553815
3-47,IGHV,TRUE,N,IgH,Tucci_2018,https://doi.org/10.1182/blood-2017-09-805762,n=7,0.000287902444057407,8.92035107465461e-05,0.000604816348583926
3-49,IGHV,TRUE,N,IgH,Tucci_2018,https://doi.org/10.1182/blood-2017-09-805762,n=7,0.012735632105773,0.00967869946395986,0.0163047044067826
3-52,IGHV,TRUE,N,IgH,Tucci_2018,https://doi.org/10.1182/blood-2017-09-805762,n=7,0.000416917263439384,0.000163615538062925,0.000795967404276137
3-53|3-66,IGHV,TRUE,N,IgH,Tucci_2018,https://doi.org/10.1182/blood-2017-09-805762,n=7,0.0185532433403995,0.0144156508936575,0.0235256443065821
3-64|3-64D,IGHV,TRUE,N,IgH,Tucci_2018,https://doi.org/10.1182/blood-2017-09-805762,n=7,0.0026599052553401,0.00163729105284878,0.00392647945272001
3-69-1,IGHV,TRUE,N,IgH,Tucci_2018,https://doi.org/10.1182/blood-2017-09-805762,n=7,0.000779393890334131,0.00033407791592705,0.00142036597422077
3-7,IGHV,TRUE,N,IgH,Tucci_2018,https://doi.org/10.1182/blood-2017-09-805762,n=7,0.0274553021180446,0.0217227055519576,0.0342443992578264
3-71,IGHV,TRUE,N,IgH,Tucci_2018,https://doi.org/10.1182/blood-2017-09-805762,n=7,6.25063462126061e-05,3.19504496176118e-06,0.000216364423508292
3-72,IGHV,TRUE,N,IgH,Tucci_2018,https://doi.org/10.1182/blood-2017-09-805762,n=7,0.00155778597960226,0.000880526034822996,0.00245796453316142
3-73,IGHV,TRUE,N,IgH,Tucci_2018,https://doi.org/10.1182/blood-2017-09-805762,n=7,0.00512346999849688,0.0034988933748558,0.00700831860436333
3-74,IGHV,TRUE,N,IgH,Tucci_2018,https://doi.org/10.1182/blood-2017-09-805762,n=7,0.0133467701321651,0.0101015811735422,0.0171188119988769
3-9,IGHV,TRUE,N,IgH,Tucci_2018,https://doi.org/10.1182/blood-2017-09-805762,n=7,0.0377997681572576,0.0302779677568428,0.0465397846095869
4-28,IGHV,TRUE,N,IgH,Tucci_2018,https://doi.org/10.1182/blood-2017-09-805762,n=7,0.000233251172178999,5.57709341005687e-05,0.000559748525007732
4-30-2|4-30-4|4-31,IGHV,TRUE,N,IgH,Tucci_2018,https://doi.org/10.1182/blood-2017-09-805762,n=7,0.0256648593937376,0.0201141137387732,0.0321807100302991
4-34,IGHV,TRUE,N,IgH,Tucci_2018,https://doi.org/10.1182/blood-2017-09-805762,n=7,0.037019815719932,0.0296300180627615,0.0453829283317628
4-38-2,IGHV,TRUE,N,IgH,Tucci_2018,https://doi.org/10.1182/blood-2017-09-805762,n=7,0.0116322008268511,0.00832304064391366,0.015684706962664
4-39,IGHV,TRUE,N,IgH,Tucci_2018,https://doi.org/10.1182/blood-2017-09-805762,n=7,0.0369887875573962,0.0290954068984364,0.0462605222549377
4-4|4-59|4/OR15-8,IGHV,TRUE,N,IgH,Tucci_2018,https://doi.org/10.1182/blood-2017-09-805762,n=7,0.062154539311952,0.0510107955751647,0.0754679541472105
4-55,IGHV,TRUE,N,IgH,Tucci_2018,https://doi.org/10.1182/blood-2017-09-805762,n=7,4.65779485880549e-05,1.70162349132205e-06,0.000173697080402055
4-61,IGHV,TRUE,N,IgH,Tucci_2018,https://doi.org/10.1182/blood-2017-09-805762,n=7,0.0169712732830812,0.0131504667633058,0.0216418690561577
5-10-1,IGHV,TRUE,N,IgH,Tucci_2018,https://doi.org/10.1182/blood-2017-09-805762,n=7,0.012259216208904,0.00716520294435194,0.0192375240099476
5-51,IGHV,TRUE,N,IgH,Tucci_2018,https://doi.org/10.1182/blood-2017-09-805762,n=7,0.0293209244494589,0.0231296640399536,0.0365693275785918
5-78,IGHV,TRUE,N,IgH,Tucci_2018,https://doi.org/10.1182/blood-2017-09-805762,n=7,0.0256356582643397,1.65620842484092e-06,0.26828697024245
6-1,IGHV,TRUE,N,IgH,Tucci_2018,https://doi.org/10.1182/blood-2017-09-805762,n=7,0.00731640150152824,0.00526925431788033,0.00976848590646969
7-4-1,IGHV,TRUE,N,IgH,Tucci_2018,https://doi.org/10.1182/blood-2017-09-805762,n=7,0.000466413050833935,0.000106768616459769,0.00116658910991134
7-81,IGHV,TRUE,N,IgH,Tucci_2018,https://doi.org/10.1182/blood-2017-09-805762,n=7,8.97980814993166e-05,1.09967019399909e-06,0.000203382055388895
1-18,IGHV,FALSE,NCS,IgH,Tucci_2018,https://doi.org/10.1182/blood-2017-09-805762,n=7,0.0152585992504048,0.0106885223056084,0.0206912035622672
1-2,IGHV,FALSE,NCS,IgH,Tucci_2018,https://doi.org/10.1182/blood-2017-09-805762,n=7,0.0277178433582836,0.0207377738357348,0.0358153127320999
1-24,IGHV,FALSE,NCS,IgH,Tucci_2018,https://doi.org/10.1182/blood-2017-09-805762,n=7,0.00377178437075175,0.00225307056052882,0.00584515388041934
1-3,IGHV,FALSE,NCS,IgH,Tucci_2018,https://doi.org/10.1182/blood-2017-09-805762,n=7,0.0168834758963846,0.0117883327041178,0.0227000334140709
1-45,IGHV,FALSE,NCS,IgH,Tucci_2018,https://doi.org/10.1182/blood-2017-09-805762,n=7,0.0050557111801882,0.00316364416198105,0.00759417307930256
1-46,IGHV,FALSE,NCS,IgH,Tucci_2018,https://doi.org/10.1182/blood-2017-09-805762,n=7,0.0115767601709493,0.00798576066962004,0.015941287504728
1-58,IGHV,FALSE,NCS,IgH,Tucci_2018,https://doi.org/10.1182/blood-2017-09-805762,n=7,0.00425977215588601,0.00260878221747386,0.00645591621303248
1-68|1-68D,IGHV,FALSE,NCS,IgH,Tucci_2018,https://doi.org/10.1182/blood-2017-09-805762,n=7,0.000860438542490551,0.000368805928006083,0.00162909472568429
1-69,IGHV,FALSE,NCS,IgH,Tucci_2018,https://doi.org/10.1182/blood-2017-09-805762,n=7,0.0236611795775493,0.0174236199733139,0.0307801535963638
1-69-2,IGHV,FALSE,NCS,IgH,Tucci_2018,https://doi.org/10.1182/blood-2017-09-805762,n=7,0.000147752843502201,2.59310731588324e-05,0.00043855057557807
1-8,IGHV,FALSE,NCS,IgH,Tucci_2018,https://doi.org/10.1182/blood-2017-09-805762,n=7,0.0183725556928166,0.0133519119396233,0.0245663728168173
1-NL1,IGHV,FALSE,NCS,IgH,Tucci_2018,https://doi.org/10.1182/blood-2017-09-805762,n=7,0.0109077964577042,0.00729341577427472,0.0150286039945331
2-10,IGHV,FALSE,NCS,IgH,Tucci_2018,https://doi.org/10.1182/blood-2017-09-805762,n=7,0.00181941834275333,0.000961050853004801,0.00308119393304788
2-26,IGHV,FALSE,NCS,IgH,Tucci_2018,https://doi.org/10.1182/blood-2017-09-805762,n=7,0.0113698232756737,0.00757071587326544,0.0163948939112094
2-5,IGHV,FALSE,NCS,IgH,Tucci_2018,https://doi.org/10.1182/blood-2017-09-805762,n=7,0.0167356338093625,0.0118608690285596,0.0229652493626197
2-70|2-70D,IGHV,FALSE,NCS,IgH,Tucci_2018,https://doi.org/10.1182/blood-2017-09-805762,n=7,0.0151213318946914,0.0105738550202964,0.0208875923769371
3-11|3-21|3-48,IGHV,FALSE,NCS,IgH,Tucci_2018,https://doi.org/10.1182/blood-2017-09-805762,n=7,0.0714661908273983,0.0572031442777668,0.0883675872094979
3-13,IGHV,FALSE,NCS,IgH,Tucci_2018,https://doi.org/10.1182/blood-2017-09-805762,n=7,0.0525230076991448,0.0413848598079446,0.0662171402711803
3-15,IGHV,FALSE,NCS,IgH,Tucci_2018,https://doi.org/10.1182/blood-2017-09-805762,n=7,0.0192479207435553,0.014042318355903,0.0254377994415419
3-19,IGHV,FALSE,NCS,IgH,Tucci_2018,https://doi.org/10.1182/blood-2017-09-805762,n=7,0.00733219085701852,0.00475597913990861,0.0107558640470467
3-20,IGHV,FALSE,NCS,IgH,Tucci_2018,https://doi.org/10.1182/blood-2017-09-805762,n=7,0.0135350414984428,0.00943250688487942,0.0185630327817034
3-22,IGHV,FALSE,NCS,IgH,Tucci_2018,https://doi.org/10.1182/blood-2017-09-805762,n=7,0.0139373493835984,0.00983763607389946,0.018921371567347
3-23|3-23D,IGHV,FALSE,NCS,IgH,Tucci_2018,https://doi.org/10.1182/blood-2017-09-805762,n=7,0.0602581064207983,0.0475047345421874,0.0753196647497049
3-25,IGHV,FALSE,NCS,IgH,Tucci_2018,https://doi.org/10.1182/blood-2017-09-805762,n=7,0.000613489346452333,0.000187688102472611,0.00172458608686694
3-30|3-30-3|3-30-5|3-33,IGHV,FALSE,NCS,IgH,Tucci_2018,https://doi.org/10.1182/blood-2017-09-805762,n=7,0.125736041894656,0.102936380019556,0.151356038281837
3-35,IGHV,FALSE,NCS,IgH,Tucci_2018,https://doi.org/10.1182/blood-2017-09-805762,n=7,0.00288897931038648,0.00164253477689321,0.00453555125999101
3-41,IGHV,FALSE,NCS,IgH,Tucci_2018,https://doi.org/10.1182/blood-2017-09-805762,n=7,0.00667857859130981,0.00387995768335272,0.0105116781461172
3-43|3-43D,IGHV,FALSE,NCS,IgH,Tucci_2018,https://doi.org/10.1182/blood-2017-09-805762,n=7,0.00527665147324419,0.00328793420634567,0.00783589941932337
3-47,IGHV,FALSE,NCS,IgH,Tucci_2018,https://doi.org/10.1182/blood-2017-09-805762,n=7,0.00349840787946537,0.00204612307085517,0.00543963073863397
3-49,IGHV,FALSE,NCS,IgH,Tucci_2018,https://doi.org/10.1182/blood-2017-09-805762,n=7,0.00829618503644121,0.0053802666908464,0.011859480473347
3-52,IGHV,FALSE,NCS,IgH,Tucci_2018,https://doi.org/10.1182/blood-2017-09-805762,n=7,0.0129209943384003,0.00881680704905838,0.018092619308487
3-53|3-66,IGHV,FALSE,NCS,IgH,Tucci_2018,https://doi.org/10.1182/blood-2017-09-805762,n=7,0.0345339242217184,0.0261572660837511,0.0441663780965387
3-64|3-64D,IGHV,FALSE,NCS,IgH,Tucci_2018,https://doi.org/10.1182/blood-2017-09-805762,n=7,0.0072743434989695,0.00456439373449587,0.010772281913784
3-69-1,IGHV,FALSE,NCS,IgH,Tucci_2018,https://doi.org/10.1182/blood-2017-09-805762,n=7,0.0121136333800043,0.00795751426162531,0.0177232596130787
3-7,IGHV,FALSE,NCS,IgH,Tucci_2018,https://doi.org/10.1182/blood-2017-09-805762,n=7,0.0345314257007571,0.026489747683617,0.0442847640226411
3-71,IGHV,FALSE,NCS,IgH,Tucci_2018,https://doi.org/10.1182/blood-2017-09-805762,n=7,0.0162131566380985,0.0116320079742889,0.0218731687435439
3-72,IGHV,FALSE,NCS,IgH,Tucci_2018,https://doi.org/10.1182/blood-2017-09-805762,n=7,0.00371360824553093,0.00223193795694886,0.00571131775109173
3-73,IGHV,FALSE,NCS,IgH,Tucci_2018,https://doi.org/10.1182/blood-2017-09-805762,n=7,0.00587745564168171,0.0037244274420328,0.0087406848506083
3-74,IGHV,FALSE,NCS,IgH,Tucci_2018,https://doi.org/10.1182/blood-2017-09-805762,n=7,0.0143048295440946,0.0101571064643235,0.0195237732626585
3-9,IGHV,FALSE,NCS,IgH,Tucci_2018,https://doi.org/10.1182/blood-2017-09-805762,n=7,0.059889871850287,0.0471603426694795,0.0741098296370112
4-28,IGHV,FALSE,NCS,IgH,Tucci_2018,https://doi.org/10.1182/blood-2017-09-805762,n=7,0.00092846734540562,0.000409891582217033,0.0017793954295448
4-30-2|4-30-4|4-31,IGHV,FALSE,NCS,IgH,Tucci_2018,https://doi.org/10.1182/blood-2017-09-805762,n=7,0.0273556602963943,0.0202222225000953,0.0357352361996185
4-34,IGHV,FALSE,NCS,IgH,Tucci_2018,https://doi.org/10.1182/blood-2017-09-805762,n=7,0.0534026917893848,0.0418153423413117,0.0666202266942337
4-38-2,IGHV,FALSE,NCS,IgH,Tucci_2018,https://doi.org/10.1182/blood-2017-09-805762,n=7,0.00561552549180519,0.00321923126870501,0.00893596989075336
4-39,IGHV,FALSE,NCS,IgH,Tucci_2018,https://doi.org/10.1182/blood-2017-09-805762,n=7,0.0177877207788499,0.0122885395936384,0.0240756466327087
4-4|4-59|4/OR15-8,IGHV,FALSE,NCS,IgH,Tucci_2018,https://doi.org/10.1182/blood-2017-09-805762,n=7,0.0424256235496546,0.0327066874882396,0.0537894266549917
4-55,IGHV,FALSE,NCS,IgH,Tucci_2018,https://doi.org/10.1182/blood-2017-09-805762,n=7,0.00193374134030469,0.00101033103138111,0.00318353975238186
4-61,IGHV,FALSE,NCS,IgH,Tucci_2018,https://doi.org/10.1182/blood-2017-09-805762,n=7,0.010198718073092,0.00681575308359643,0.0145131832988439
5-10-1,IGHV,FALSE,NCS,IgH,Tucci_2018,https://doi.org/10.1182/blood-2017-09-805762,n=7,0.00444092298341368,0.00204874502161113,0.00808709377354207
5-51,IGHV,FALSE,NCS,IgH,Tucci_2018,https://doi.org/10.1182/blood-2017-09-805762,n=7,0.0136598361632267,0.00952965738683662,0.0187819973276718
5-78,IGHV,FALSE,NCS,IgH,Tucci_2018,https://doi.org/10.1182/blood-2017-09-805762,n=7,0.00488529457733022,3.22596726244215e-05,0.032866014786375
6-1,IGHV,FALSE,NCS,IgH,Tucci_2018,https://doi.org/10.1182/blood-2017-09-805762,n=7,0.0219224227554067,0.0161456798287025,0.028748951619909
7-4-1,IGHV,FALSE,NCS,IgH,Tucci_2018,https://doi.org/10.1182/blood-2017-09-805762,n=7,0.0108071799349707,0.00663275524100935,0.0159057343891108
7-81,IGHV,FALSE,NCS,IgH,Tucci_2018,https://doi.org/10.1182/blood-2017-09-805762,n=7,0.00115803769243461,0.000508268379142658,0.0022635335931885
1-18,IGHV,TRUE,NCS,IgH,Tucci_2018,https://doi.org/10.1182/blood-2017-09-805762,n=7,0.0193173441317807,0.0144341879473253,0.0254306079005429
1-2,IGHV,TRUE,NCS,IgH,Tucci_2018,https://doi.org/10.1182/blood-2017-09-805762,n=7,0.0249799037865643,0.0189255607974207,0.0321002633005634
1-24,IGHV,TRUE,NCS,IgH,Tucci_2018,https://doi.org/10.1182/blood-2017-09-805762,n=7,0.00111066651347056,0.000505709939002914,0.00195973912101751
1-3,IGHV,TRUE,NCS,IgH,Tucci_2018,https://doi.org/10.1182/blood-2017-09-805762,n=7,0.0138458051785125,0.00915212040693576,0.019949557805147
1-45,IGHV,TRUE,NCS,IgH,Tucci_2018,https://doi.org/10.1182/blood-2017-09-805762,n=7,5.63055983362919e-05,1.09630866845439e-06,0.000227410676824386
1-46,IGHV,TRUE,NCS,IgH,Tucci_2018,https://doi.org/10.1182/blood-2017-09-805762,n=7,0.0115910372942084,0.00846660138779495,0.0154119897712512
1-58,IGHV,TRUE,NCS,IgH,Tucci_2018,https://doi.org/10.1182/blood-2017-09-805762,n=7,0.00136355923751624,0.00065727089312575,0.00229999722577259
1-68|1-68D,IGHV,TRUE,NCS,IgH,Tucci_2018,https://doi.org/10.1182/blood-2017-09-805762,n=7,4.35219997206146e-05,5.21946919320782e-07,0.000198823777928495
1-69,IGHV,TRUE,NCS,IgH,Tucci_2018,https://doi.org/10.1182/blood-2017-09-805762,n=7,0.00630065205635458,0.00428342481828269,0.00888038365074208
1-69-2,IGHV,TRUE,NCS,IgH,Tucci_2018,https://doi.org/10.1182/blood-2017-09-805762,n=7,6.93266138471414e-05,1.99550130992722e-07,0.000174516187835723
1-8,IGHV,TRUE,NCS,IgH,Tucci_2018,https://doi.org/10.1182/blood-2017-09-805762,n=7,0.00891950883727073,0.00627701709977823,0.0120465480090068
1-NL1,IGHV,TRUE,NCS,IgH,Tucci_2018,https://doi.org/10.1182/blood-2017-09-805762,n=7,6.91355642884924e-05,1.95373016647858e-06,0.000270118734708297
2-10,IGHV,TRUE,NCS,IgH,Tucci_2018,https://doi.org/10.1182/blood-2017-09-805762,n=7,4.98940791123587e-05,8.24031952926255e-07,0.000216328012066767
2-26,IGHV,TRUE,NCS,IgH,Tucci_2018,https://doi.org/10.1182/blood-2017-09-805762,n=7,0.00291913167218253,0.00175304877217601,0.00440254818359761
2-5,IGHV,TRUE,NCS,IgH,Tucci_2018,https://doi.org/10.1182/blood-2017-09-805762,n=7,0.0175616922792552,0.0130861534509899,0.0229826676345093
2-70|2-70D,IGHV,TRUE,NCS,IgH,Tucci_2018,https://doi.org/10.1182/blood-2017-09-805762,n=7,0.00747817484719162,0.0051906990776477,0.0103148371844013
3-11|3-21|3-48,IGHV,TRUE,NCS,IgH,Tucci_2018,https://doi.org/10.1182/blood-2017-09-805762,n=7,0.123354375246668,0.0989582480079151,0.151623258632458
3-13,IGHV,TRUE,NCS,IgH,Tucci_2018,https://doi.org/10.1182/blood-2017-09-805762,n=7,0.0069885065022644,0.0047775872416282,0.00969324767276711
3-15,IGHV,TRUE,NCS,IgH,Tucci_2018,https://doi.org/10.1182/blood-2017-09-805762,n=7,0.0399531398620213,0.0311038960596496,0.0504902355352513
3-19,IGHV,TRUE,NCS,IgH,Tucci_2018,https://doi.org/10.1182/blood-2017-09-805762,n=7,0.000268203071502219,6.15822329705418e-05,0.000625273319115864
3-20,IGHV,TRUE,NCS,IgH,Tucci_2018,https://doi.org/10.1182/blood-2017-09-805762,n=7,0.00252980705747287,0.00146325454094055,0.00390888855004754
3-22,IGHV,TRUE,NCS,IgH,Tucci_2018,https://doi.org/10.1182/blood-2017-09-805762,n=7,6.85279982734957e-05,2.03761632001097e-06,0.000253774149397575
3-23|3-23D,IGHV,TRUE,NCS,IgH,Tucci_2018,https://doi.org/10.1182/blood-2017-09-805762,n=7,0.154779750329838,0.12469334385581,0.188602475614474
3-25,IGHV,TRUE,NCS,IgH,Tucci_2018,https://doi.org/10.1182/blood-2017-09-805762,n=7,0.000417263035488746,4.29418912826036e-07,0.000500415131904974
3-30|3-30-3|3-30-5|3-33,IGHV,TRUE,NCS,IgH,Tucci_2018,https://doi.org/10.1182/blood-2017-09-805762,n=7,0.10732998200043,0.0851781045555817,0.132507898169892
3-35,IGHV,TRUE,NCS,IgH,Tucci_2018,https://doi.org/10.1182/blood-2017-09-805762,n=7,5.2970583151528e-05,9.3737930648199e-07,0.000225107697440887
3-41,IGHV,TRUE,NCS,IgH,Tucci_2018,https://doi.org/10.1182/blood-2017-09-805762,n=7,0.000308609924187365,1.26576717630449e-06,0.000361361727366299
3-43|3-43D,IGHV,TRUE,NCS,IgH,Tucci_2018,https://doi.org/10.1182/blood-2017-09-805762,n=7,0.00159590114327658,0.00083497394419971,0.002619985370966
3-47,IGHV,TRUE,NCS,IgH,Tucci_2018,https://doi.org/10.1182/blood-2017-09-805762,n=7,0.000392599957634543,0.000113984375035123,0.000854721476196518
3-49,IGHV,TRUE,NCS,IgH,Tucci_2018,https://doi.org/10.1182/blood-2017-09-805762,n=7,0.0145735174380858,0.0107325334465218,0.0193222880072543
3-52,IGHV,TRUE,NCS,IgH,Tucci_2018,https://doi.org/10.1182/blood-2017-09-805762,n=7,0.000450302088322355,0.000140340249102427,0.000939566602817738
3-53|3-66,IGHV,TRUE,NCS,IgH,Tucci_2018,https://doi.org/10.1182/blood-2017-09-805762,n=7,0.0290952826144993,0.0220587002957027,0.0374663553428486
3-64|3-64D,IGHV,TRUE,NCS,IgH,Tucci_2018,https://doi.org/10.1182/blood-2017-09-805762,n=7,0.00334701937632536,0.00188557260934603,0.00526436367906324
3-69-1,IGHV,TRUE,NCS,IgH,Tucci_2018,https://doi.org/10.1182/blood-2017-09-805762,n=7,0.000641219831039209,0.000253056472722376,0.00123955147800732
3-7,IGHV,TRUE,NCS,IgH,Tucci_2018,https://doi.org/10.1182/blood-2017-09-805762,n=7,0.0748272301708087,0.0587786565399849,0.0934828412163796
3-71,IGHV,TRUE,NCS,IgH,Tucci_2018,https://doi.org/10.1182/blood-2017-09-805762,n=7,6.72846768718329e-05,1.88614499871212e-06,0.000256477011522194
3-72,IGHV,TRUE,NCS,IgH,Tucci_2018,https://doi.org/10.1182/blood-2017-09-805762,n=7,0.014632388111455,0.0107533542137229,0.0193222728183885
3-73,IGHV,TRUE,NCS,IgH,Tucci_2018,https://doi.org/10.1182/blood-2017-09-805762,n=7,0.00715713216650766,0.00498883674206723,0.0098888199437341
3-74,IGHV,TRUE,NCS,IgH,Tucci_2018,https://doi.org/10.1182/blood-2017-09-805762,n=7,0.0434675247649823,0.0336382627638474,0.0548243966527249
3-9,IGHV,TRUE,NCS,IgH,Tucci_2018,https://doi.org/10.1182/blood-2017-09-805762,n=7,0.0272354036386166,0.0208148520910805,0.0350454518444019
4-28,IGHV,TRUE,NCS,IgH,Tucci_2018,https://doi.org/10.1182/blood-2017-09-805762,n=7,0.00033360956440174,7.85978078491145e-05,0.000824055145679443
4-30-2|4-30-4|4-31,IGHV,TRUE,NCS,IgH,Tucci_2018,https://doi.org/10.1182/blood-2017-09-805762,n=7,0.0155111134637807,0.0113756154545142,0.0203081717789028
4-34,IGHV,TRUE,NCS,IgH,Tucci_2018,https://doi.org/10.1182/blood-2017-09-805762,n=7,0.0120076054572751,0.00868824372081314,0.0160795925186445
4-38-2,IGHV,TRUE,NCS,IgH,Tucci_2018,https://doi.org/10.1182/blood-2017-09-805762,n=7,0.0188911018999608,0.0132228512055712,0.0258882914398287
4-39,IGHV,TRUE,NCS,IgH,Tucci_2018,https://doi.org/10.1182/blood-2017-09-805762,n=7,0.0361509158471451,0.0270839882139117,0.0471516721442906
4-4|4-59|4/OR15-8,IGHV,TRUE,NCS,IgH,Tucci_2018,https://doi.org/10.1182/blood-2017-09-805762,n=7,0.0652755977300766,0.0512372806812652,0.0816999236336489
4-55,IGHV,TRUE,NCS,IgH,Tucci_2018,https://doi.org/10.1182/blood-2017-09-805762,n=7,5.10670143210234e-05,8.04174445052557e-07,0.000218726010765603
4-61,IGHV,TRUE,NCS,IgH,Tucci_2018,https://doi.org/10.1182/blood-2017-09-805762,n=7,0.0227905004579261,0.0171138324164661,0.0296232643855484
5-10-1,IGHV,TRUE,NCS,IgH,Tucci_2018,https://doi.org/10.1182/blood-2017-09-805762,n=7,0.00789211877020941,0.00389576102561564,0.0136984064938861
5-51,IGHV,TRUE,NCS,IgH,Tucci_2018,https://doi.org/10.1182/blood-2017-09-805762,n=7,0.0370424971991121,0.0284884877597611,0.0472352677364589
5-78,IGHV,TRUE,NCS,IgH,Tucci_2018,https://doi.org/10.1182/blood-2017-09-805762,n=7,0.0329702177711908,8.98241578060395e-07,0.390424811927642
6-1,IGHV,TRUE,NCS,IgH,Tucci_2018,https://doi.org/10.1182/blood-2017-09-805762,n=7,0.0190624469108824,0.0142013576130219,0.0248553500339029
7-4-1,IGHV,TRUE,NCS,IgH,Tucci_2018,https://doi.org/10.1182/blood-2017-09-805762,n=7,0.0102410671920697,3.09555974214116e-06,0.0908762035137261
7-81,IGHV,TRUE,NCS,IgH,Tucci_2018,https://doi.org/10.1182/blood-2017-09-805762,n=7,5.50223201694579e-05,6.43712789219343e-07,0.000234815492982103
IGHJ1,IGHJ,FALSE,CD5,IgH,Tucci_2018,https://doi.org/10.1182/blood-2017-09-805762,n=7,0.019781076246952,0.0166085426729867,0.0232390040333736
IGHJ2,IGHJ,FALSE,CD5,IgH,Tucci_2018,https://doi.org/10.1182/blood-2017-09-805762,n=7,0.020423647402153,0.0172850743652461,0.0239566511519644
IGHJ3,IGHJ,FALSE,CD5,IgH,Tucci_2018,https://doi.org/10.1182/blood-2017-09-805762,n=7,0.0782544904505935,0.0705924375720623,0.085870600935902
IGHJ4,IGHJ,FALSE,CD5,IgH,Tucci_2018,https://doi.org/10.1182/blood-2017-09-805762,n=7,0.476986621611474,0.460403595272034,0.493524455385563
IGHJ5,IGHJ,FALSE,CD5,IgH,Tucci_2018,https://doi.org/10.1182/blood-2017-09-805762,n=7,0.129382839622459,0.119694582543859,0.139429588355296
IGHJ6,IGHJ,FALSE,CD5,IgH,Tucci_2018,https://doi.org/10.1182/blood-2017-09-805762,n=7,0.274731983582825,0.260849483424275,0.289255677696952
IGHJ1,IGHJ,TRUE,CD5,IgH,Tucci_2018,https://doi.org/10.1182/blood-2017-09-805762,n=7,0.0131630004352264,0.0100982318954713,0.0165280415880349
IGHJ2,IGHJ,TRUE,CD5,IgH,Tucci_2018,https://doi.org/10.1182/blood-2017-09-805762,n=7,0.0212786610026181,0.0172896560938711,0.02572313141151
IGHJ3,IGHJ,TRUE,CD5,IgH,Tucci_2018,https://doi.org/10.1182/blood-2017-09-805762,n=7,0.105658612394946,0.0930488480898905,0.118821794675727
IGHJ4,IGHJ,TRUE,CD5,IgH,Tucci_2018,https://doi.org/10.1182/blood-2017-09-805762,n=7,0.420064394318719,0.3918022685174,0.449444964904806
IGHJ5,IGHJ,TRUE,CD5,IgH,Tucci_2018,https://doi.org/10.1182/blood-2017-09-805762,n=7,0.106376026955365,0.0938634340801869,0.119310468031426
IGHJ6,IGHJ,TRUE,CD5,IgH,Tucci_2018,https://doi.org/10.1182/blood-2017-09-805762,n=7,0.332128151929316,0.30564051426663,0.357437409241173
IGHJ1,IGHJ,FALSE,CS,IgH,Tucci_2018,https://doi.org/10.1182/blood-2017-09-805762,n=7,0.0211922956106901,0.0168438191961878,0.0285754453937177
IGHJ2,IGHJ,FALSE,CS,IgH,Tucci_2018,https://doi.org/10.1182/blood-2017-09-805762,n=7,0.0212401244731857,0.0169724604011544,0.0268448638419166
IGHJ3,IGHJ,FALSE,CS,IgH,Tucci_2018,https://doi.org/10.1182/blood-2017-09-805762,n=7,0.0742812294194838,0.0603676842090021,0.085422923041242
IGHJ4,IGHJ,FALSE,CS,IgH,Tucci_2018,https://doi.org/10.1182/blood-2017-09-805762,n=7,0.484540493361214,0.457474162615121,0.512993729460405
IGHJ5,IGHJ,FALSE,CS,IgH,Tucci_2018,https://doi.org/10.1182/blood-2017-09-805762,n=7,0.129420329805605,0.114379513916593,0.145935170402199
IGHJ6,IGHJ,FALSE,CS,IgH,Tucci_2018,https://doi.org/10.1182/blood-2017-09-805762,n=7,0.266813074157459,0.242135178472112,0.289308591548312
IGHJ1,IGHJ,TRUE,CS,IgH,Tucci_2018,https://doi.org/10.1182/blood-2017-09-805762,n=7,0.0175040243785462,0.0137673522322195,0.0215847261948981
IGHJ2,IGHJ,TRUE,CS,IgH,Tucci_2018,https://doi.org/10.1182/blood-2017-09-805762,n=7,0.0320324567642091,0.0266802188671305,0.037774042072683
IGHJ3,IGHJ,TRUE,CS,IgH,Tucci_2018,https://doi.org/10.1182/blood-2017-09-805762,n=7,0.114179881820577,0.102210060915247,0.126665493995426
IGHJ4,IGHJ,TRUE,CS,IgH,Tucci_2018,https://doi.org/10.1182/blood-2017-09-805762,n=7,0.530080566285252,0.505161489694643,0.554208036497236
IGHJ5,IGHJ,TRUE,CS,IgH,Tucci_2018,https://doi.org/10.1182/blood-2017-09-805762,n=7,0.105440566570855,0.0942683326430989,0.117817289819347
IGHJ6,IGHJ,TRUE,CS,IgH,Tucci_2018,https://doi.org/10.1182/blood-2017-09-805762,n=7,0.199283929876043,0.182305929926501,0.217129998714202
IGHJ1,IGHJ,FALSE,N,IgH,Tucci_2018,https://doi.org/10.1182/blood-2017-09-805762,n=7,0.0191195976271768,0.0159154733493729,0.0224209614877426
IGHJ2,IGHJ,FALSE,N,IgH,Tucci_2018,https://doi.org/10.1182/blood-2017-09-805762,n=7,0.0194345006372692,0.0156654631177295,0.0228412763152764
IGHJ3,IGHJ,FALSE,N,IgH,Tucci_2018,https://doi.org/10.1182/blood-2017-09-805762,n=7,0.0806973763273415,0.0732661391518127,0.0889664375176025
IGHJ4,IGHJ,FALSE,N,IgH,Tucci_2018,https://doi.org/10.1182/blood-2017-09-805762,n=7,0.477674429954403,0.460833167634783,0.493767306121345
IGHJ5,IGHJ,FALSE,N,IgH,Tucci_2018,https://doi.org/10.1182/blood-2017-09-805762,n=7,0.129753219585177,0.120204596858377,0.139806802683402
IGHJ6,IGHJ,FALSE,N,IgH,Tucci_2018,https://doi.org/10.1182/blood-2017-09-805762,n=7,0.274479279040783,0.260542959814239,0.288510544234741
IGHJ1,IGHJ,TRUE,N,IgH,Tucci_2018,https://doi.org/10.1182/blood-2017-09-805762,n=7,0.0134118726831956,0.0104580901154307,0.016640701282151
IGHJ2,IGHJ,TRUE,N,IgH,Tucci_2018,https://doi.org/10.1182/blood-2017-09-805762,n=7,0.0268658366008354,0.02229314779136,0.0318015585960597
IGHJ3,IGHJ,TRUE,N,IgH,Tucci_2018,https://doi.org/10.1182/blood-2017-09-805762,n=7,0.123781191058487,0.110977879480663,0.136784093568781
IGHJ4,IGHJ,TRUE,N,IgH,Tucci_2018,https://doi.org/10.1182/blood-2017-09-805762,n=7,0.435655844531172,0.410025282273451,0.461773909443811
IGHJ5,IGHJ,TRUE,N,IgH,Tucci_2018,https://doi.org/10.1182/blood-2017-09-805762,n=7,0.11617301619104,0.104404479700519,0.12855730684281
IGHJ6,IGHJ,TRUE,N,IgH,Tucci_2018,https://doi.org/10.1182/blood-2017-09-805762,n=7,0.282734962024809,0.261817683492897,0.304068526580505
IGHJ1,IGHJ,FALSE,NCS,IgH,Tucci_2018,https://doi.org/10.1182/blood-2017-09-805762,n=7,0.0207722051905696,0.0168663418010004,0.0261291654548705
IGHJ2,IGHJ,FALSE,NCS,IgH,Tucci_2018,https://doi.org/10.1182/blood-2017-09-805762,n=7,0.0218886845844668,0.0178706728777102,0.0273957239474144
IGHJ3,IGHJ,FALSE,NCS,IgH,Tucci_2018,https://doi.org/10.1182/blood-2017-09-805762,n=7,0.0742149022266035,0.0627640520602119,0.0842507884804322
IGHJ4,IGHJ,FALSE,NCS,IgH,Tucci_2018,https://doi.org/10.1182/blood-2017-09-805762,n=7,0.492751771551718,0.468033192767739,0.521335832226863
IGHJ5,IGHJ,FALSE,NCS,IgH,Tucci_2018,https://doi.org/10.1182/blood-2017-09-805762,n=7,0.124630384584052,0.110425462649576,0.137770283379952
IGHJ6,IGHJ,FALSE,NCS,IgH,Tucci_2018,https://doi.org/10.1182/blood-2017-09-805762,n=7,0.26479892941834,0.242452875662021,0.284968774078724
IGHJ1,IGHJ,TRUE,NCS,IgH,Tucci_2018,https://doi.org/10.1182/blood-2017-09-805762,n=7,0.0169231559594419,0.0134539856417089,0.020722888167768
IGHJ2,IGHJ,TRUE,NCS,IgH,Tucci_2018,https://doi.org/10.1182/blood-2017-09-805762,n=7,0.0360358752170788,0.0307727897259445,0.0416790144237804
IGHJ3,IGHJ,TRUE,NCS,IgH,Tucci_2018,https://doi.org/10.1182/blood-2017-09-805762,n=7,0.108666338441887,0.0985222543657979,0.119150800782193
IGHJ4,IGHJ,TRUE,NCS,IgH,Tucci_2018,https://doi.org/10.1182/blood-2017-09-805762,n=7,0.568230004327021,0.548550299288801,0.587774733948305
IGHJ5,IGHJ,TRUE,NCS,IgH,Tucci_2018,https://doi.org/10.1182/blood-2017-09-805762,n=7,0.103597595559472,0.0937197576464693,0.113950309359027
IGHJ6,IGHJ,TRUE,NCS,IgH,Tucci_2018,https://doi.org/10.1182/blood-2017-09-805762,n=7,0.165573575084425,0.152805188906449,0.178829883899382
1-18,IGHV,TRUE,Memory,IgH,Ghraichy_2020,https://doi.org/10.3389/fimmu.2020.01734,n=53,0.0261825450963482,0.0228204816652572,0.0297140359220216
1-2,IGHV,TRUE,Memory,IgH,Ghraichy_2020,https://doi.org/10.3389/fimmu.2020.01734,n=53,0.0219993556814491,0.01903290348532,0.0251159472679265
1-24,IGHV,TRUE,Memory,IgH,Ghraichy_2020,https://doi.org/10.3389/fimmu.2020.01734,n=53,0.00387950023933917,0.00304239319146185,0.00483573493868089
1-3,IGHV,TRUE,Memory,IgH,Ghraichy_2020,https://doi.org/10.3389/fimmu.2020.01734,n=53,0.00766234947705229,0.00622559674518515,0.00922267738333921
1-38-4,IGHV,TRUE,Memory,IgH,Ghraichy_2020,https://doi.org/10.3389/fimmu.2020.01734,n=53,7.75876991956862e-05,2.39488659967895e-05,0.000200211630161782
1-45,IGHV,TRUE,Memory,IgH,Ghraichy_2020,https://doi.org/10.3389/fimmu.2020.01734,n=53,0.00044405500471733,0.000288219676330733,0.000638944301949831
1-46,IGHV,TRUE,Memory,IgH,Ghraichy_2020,https://doi.org/10.3389/fimmu.2020.01734,n=53,0.0103816549840807,0.00858891697451014,0.0123268443510727
1-58,IGHV,TRUE,Memory,IgH,Ghraichy_2020,https://doi.org/10.3389/fimmu.2020.01734,n=53,0.00322297283797958,0.00249568376744606,0.00403123599574567
1-68,IGHV,TRUE,Memory,IgH,Ghraichy_2020,https://doi.org/10.3389/fimmu.2020.01734,n=53,0.000197822257355819,0.000101366323790018,0.000336422235567289
1-69,IGHV,TRUE,Memory,IgH,Ghraichy_2020,https://doi.org/10.3389/fimmu.2020.01734,n=53,0.0126676215314137,0.010676352369474,0.0148413803684671
1-69-2,IGHV,TRUE,Memory,IgH,Ghraichy_2020,https://doi.org/10.3389/fimmu.2020.01734,n=53,0.00015180908651869,7.20640003947577e-05,0.000273410485650684
1-8,IGHV,TRUE,Memory,IgH,Ghraichy_2020,https://doi.org/10.3389/fimmu.2020.01734,n=53,0.00797943554465826,0.006477281281521,0.00966722408224832
1-NL1,IGHV,TRUE,Memory,IgH,Ghraichy_2020,https://doi.org/10.3389/fimmu.2020.01734,n=53,6.87121819443381e-05,1.56767399332067e-05,0.000211768711485935
1/OR15-1,IGHV,TRUE,Memory,IgH,Ghraichy_2020,https://doi.org/10.3389/fimmu.2020.01734,n=53,0.00011525188425809,4.12949215697984e-05,0.000266967455923064
1/OR15-3,IGHV,TRUE,Memory,IgH,Ghraichy_2020,https://doi.org/10.3389/fimmu.2020.01734,n=53,4.34196239796656e-05,2.23322656308831e-06,0.000253995371219057
1/OR15-9,IGHV,TRUE,Memory,IgH,Ghraichy_2020,https://doi.org/10.3389/fimmu.2020.01734,n=53,5.4355372851008e-05,5.84210720120673e-06,0.000272084820190586
2-26,IGHV,TRUE,Memory,IgH,Ghraichy_2020,https://doi.org/10.3389/fimmu.2020.01734,n=53,0.002529733545441,0.00192439366315934,0.00318971929330475
2-5,IGHV,TRUE,Memory,IgH,Ghraichy_2020,https://doi.org/10.3389/fimmu.2020.01734,n=53,0.0191417019924887,0.0164864443588656,0.0219989769745053
2-70,IGHV,TRUE,Memory,IgH,Ghraichy_2020,https://doi.org/10.3389/fimmu.2020.01734,n=53,0.00423262410984843,0.0032977847273696,0.00528373186982211
2-70D,IGHV,TRUE,Memory,IgH,Ghraichy_2020,https://doi.org/10.3389/fimmu.2020.01734,n=53,0.00164358059995482,0.00120559638271096,0.00214020908237706
3-11,IGHV,TRUE,Memory,IgH,Ghraichy_2020,https://doi.org/10.3389/fimmu.2020.01734,n=53,0.0159150304209439,0.0136029848839555,0.018406918229151
3-13,IGHV,TRUE,Memory,IgH,Ghraichy_2020,https://doi.org/10.3389/fimmu.2020.01734,n=53,0.00540798873317374,0.00428667971531469,0.0066310653699373
3-15,IGHV,TRUE,Memory,IgH,Ghraichy_2020,https://doi.org/10.3389/fimmu.2020.01734,n=53,0.0236987117629663,0.0205764602322509,0.0269968865578511
3-19,IGHV,TRUE,Memory,IgH,Ghraichy_2020,https://doi.org/10.3389/fimmu.2020.01734,n=53,4.66609123522406e-05,1.23196874734522e-05,0.000110245097924967
3-20,IGHV,TRUE,Memory,IgH,Ghraichy_2020,https://doi.org/10.3389/fimmu.2020.01734,n=53,0.00287601816195061,0.00220682523617417,0.00363325667341179
3-21,IGHV,TRUE,Memory,IgH,Ghraichy_2020,https://doi.org/10.3389/fimmu.2020.01734,n=53,0.0341293521123037,0.0301239872046379,0.0383642421330696
3-22,IGHV,TRUE,Memory,IgH,Ghraichy_2020,https://doi.org/10.3389/fimmu.2020.01734,n=53,0.000132734842271986,5.32231399887711e-05,0.000284090450926288
3-23,IGHV,TRUE,Memory,IgH,Ghraichy_2020,https://doi.org/10.3389/fimmu.2020.01734,n=53,0.162295009211506,0.150442862546291,0.174446995297554
3-29,IGHV,TRUE,Memory,IgH,Ghraichy_2020,https://doi.org/10.3389/fimmu.2020.01734,n=53,7.20589773845851e-05,5.56561809730535e-06,0.000466460556710636
3-30,IGHV,TRUE,Memory,IgH,Ghraichy_2020,https://doi.org/10.3389/fimmu.2020.01734,n=53,0.0396823987870424,0.0352983646054228,0.0443018676792171
3-30-3,IGHV,TRUE,Memory,IgH,Ghraichy_2020,https://doi.org/10.3389/fimmu.2020.01734,n=53,0.00624891231757758,0.00479696887571766,0.00783062154370206
3-33,IGHV,TRUE,Memory,IgH,Ghraichy_2020,https://doi.org/10.3389/fimmu.2020.01734,n=53,0.0224040094755898,0.0194534989890738,0.0256743332271436
3-35,IGHV,TRUE,Memory,IgH,Ghraichy_2020,https://doi.org/10.3389/fimmu.2020.01734,n=53,0.000144622772038069,6.74191579454641e-05,0.000255738059022158
3-38-3,IGHV,TRUE,Memory,IgH,Ghraichy_2020,https://doi.org/10.3389/fimmu.2020.01734,n=53,0.000101645828992907,3.85877239238446e-05,0.000208446328263135
3-43,IGHV,TRUE,Memory,IgH,Ghraichy_2020,https://doi.org/10.3389/fimmu.2020.01734,n=53,0.00413289518706899,0.00323147879641863,0.00511264728796135
3-43D,IGHV,TRUE,Memory,IgH,Ghraichy_2020,https://doi.org/10.3389/fimmu.2020.01734,n=53,0.000962402529667946,0.00066387922136412,0.00132217899233464
3-47,IGHV,TRUE,Memory,IgH,Ghraichy_2020,https://doi.org/10.3389/fimmu.2020.01734,n=53,5.62201715770559e-05,1.71548551000085e-05,0.000121956051784661
3-48,IGHV,TRUE,Memory,IgH,Ghraichy_2020,https://doi.org/10.3389/fimmu.2020.01734,n=53,0.0522492713561678,0.0468965992899161,0.0579265978345826
3-49,IGHV,TRUE,Memory,IgH,Ghraichy_2020,https://doi.org/10.3389/fimmu.2020.01734,n=53,0.00729080398471358,0.00584711526012146,0.00886597688294636
3-52,IGHV,TRUE,Memory,IgH,Ghraichy_2020,https://doi.org/10.3389/fimmu.2020.01734,n=53,0.000206428800658735,0.00010788331114132,0.000338168697595461
3-53,IGHV,TRUE,Memory,IgH,Ghraichy_2020,https://doi.org/10.3389/fimmu.2020.01734,n=53,0.0213160613163891,0.0184103189815107,0.0243487325560471
3-64,IGHV,TRUE,Memory,IgH,Ghraichy_2020,https://doi.org/10.3389/fimmu.2020.01734,n=53,0.00497671032183572,0.00392728327844202,0.0061510201098238
3-64D,IGHV,TRUE,Memory,IgH,Ghraichy_2020,https://doi.org/10.3389/fimmu.2020.01734,n=53,0.00343865376397097,0.00262557581682988,0.00434581874877839
3-66,IGHV,TRUE,Memory,IgH,Ghraichy_2020,https://doi.org/10.3389/fimmu.2020.01734,n=53,0.00593995297800535,0.00472262616808163,0.00726140267587117
3-69-1,IGHV,TRUE,Memory,IgH,Ghraichy_2020,https://doi.org/10.3389/fimmu.2020.01734,n=53,0.00169508734853623,0.00127000251669114,0.00219450758832071
3-7,IGHV,TRUE,Memory,IgH,Ghraichy_2020,https://doi.org/10.3389/fimmu.2020.01734,n=53,0.0788789672541141,0.0716771614727834,0.0864298028483125
3-71,IGHV,TRUE,Memory,IgH,Ghraichy_2020,https://doi.org/10.3389/fimmu.2020.01734,n=53,6.82215734125325e-05,1.62310864721292e-05,0.000212497813385004
3-72,IGHV,TRUE,Memory,IgH,Ghraichy_2020,https://doi.org/10.3389/fimmu.2020.01734,n=53,0.00991854676928241,0.0081720828412544,0.0118138633242823
3-73,IGHV,TRUE,Memory,IgH,Ghraichy_2020,https://doi.org/10.3389/fimmu.2020.01734,n=53,0.00645903248057937,0.00516509823579629,0.00787028771471961
3-74,IGHV,TRUE,Memory,IgH,Ghraichy_2020,https://doi.org/10.3389/fimmu.2020.01734,n=53,0.0411837159512767,0.0368027169760675,0.0458720953064277
3-9,IGHV,TRUE,Memory,IgH,Ghraichy_2020,https://doi.org/10.3389/fimmu.2020.01734,n=53,0.00765347317750129,0.00620600758576248,0.00927982061055151
3-NL1,IGHV,TRUE,Memory,IgH,Ghraichy_2020,https://doi.org/10.3389/fimmu.2020.01734,n=53,0.00036415617919105,0.000221196537331173,0.000552987603157311
3/OR16-10,IGHV,TRUE,Memory,IgH,Ghraichy_2020,https://doi.org/10.3389/fimmu.2020.01734,n=53,3.88874201215061e-05,1.87231362916887e-06,0.000232026958015611
3/OR16-9,IGHV,TRUE,Memory,IgH,Ghraichy_2020,https://doi.org/10.3389/fimmu.2020.01734,n=53,5.54855365864542e-05,5.61387379641167e-06,0.000302974619332427
4-28,IGHV,TRUE,Memory,IgH,Ghraichy_2020,https://doi.org/10.3389/fimmu.2020.01734,n=53,0.00135981184893227,0.000999988055846238,0.00177941394962438
4-30-2,IGHV,TRUE,Memory,IgH,Ghraichy_2020,https://doi.org/10.3389/fimmu.2020.01734,n=53,0.00344286050272916,0.00263833145799019,0.00435973524518138
4-30-4,IGHV,TRUE,Memory,IgH,Ghraichy_2020,https://doi.org/10.3389/fimmu.2020.01734,n=53,0.00394601607535799,0.00292598226180164,0.00513204819777194
4-31,IGHV,TRUE,Memory,IgH,Ghraichy_2020,https://doi.org/10.3389/fimmu.2020.01734,n=53,0.0144006811146042,0.0121986495226927,0.0167837479341865
4-34,IGHV,TRUE,Memory,IgH,Ghraichy_2020,https://doi.org/10.3389/fimmu.2020.01734,n=53,0.048096763351034,0.0432605218902445,0.0534234258450793
4-38-2,IGHV,TRUE,Memory,IgH,Ghraichy_2020,https://doi.org/10.3389/fimmu.2020.01734,n=53,0.00420609515254003,0.0032005856579908,0.00540085400255511
4-39,IGHV,TRUE,Memory,IgH,Ghraichy_2020,https://doi.org/10.3389/fimmu.2020.01734,n=53,0.0633369064182943,0.0572575328115719,0.0697174336229631
4-4,IGHV,TRUE,Memory,IgH,Ghraichy_2020,https://doi.org/10.3389/fimmu.2020.01734,n=53,0.0215100244563024,0.0186345505520538,0.0246075250690738
4-55,IGHV,TRUE,Memory,IgH,Ghraichy_2020,https://doi.org/10.3389/fimmu.2020.01734,n=53,5.1857611962707e-05,8.26080697874691e-06,0.000218066304509165
4-59,IGHV,TRUE,Memory,IgH,Ghraichy_2020,https://doi.org/10.3389/fimmu.2020.01734,n=53,0.0729841877348224,0.0662571735106624,0.0801555792819439
4-61,IGHV,TRUE,Memory,IgH,Ghraichy_2020,https://doi.org/10.3389/fimmu.2020.01734,n=53,0.0185285625561209,0.0159134594731887,0.0213851236657506
4/OR15-8,IGHV,TRUE,Memory,IgH,Ghraichy_2020,https://doi.org/10.3389/fimmu.2020.01734,n=53,0.000554419362997404,0.000361890317729004,0.000792267472068638
5-10-1,IGHV,TRUE,Memory,IgH,Ghraichy_2020,https://doi.org/10.3389/fimmu.2020.01734,n=53,0.00130442327857342,0.000929209759855517,0.0017672568502936
5-51,IGHV,TRUE,Memory,IgH,Ghraichy_2020,https://doi.org/10.3389/fimmu.2020.01734,n=53,0.0151149571267387,0.0128292478283671,0.017560704399363
5-78,IGHV,TRUE,Memory,IgH,Ghraichy_2020,https://doi.org/10.3389/fimmu.2020.01734,n=53,5.203391402703e-05,5.384298335393e-06,0.000260766087307772
6-1,IGHV,TRUE,Memory,IgH,Ghraichy_2020,https://doi.org/10.3389/fimmu.2020.01734,n=53,0.0197175856946077,0.0170063541641503,0.0225826665031081
7-4-1,IGHV,TRUE,Memory,IgH,Ghraichy_2020,https://doi.org/10.3389/fimmu.2020.01734,n=53,0.00185963503490678,0.0013523282241897,0.00243604653903345
7-81,IGHV,TRUE,Memory,IgH,Ghraichy_2020,https://doi.org/10.3389/fimmu.2020.01734,n=53,9.73043295345576e-05,3.68997540646918e-05,0.000200881875883007
1-18,IGHV,TRUE,Naive,IgH,Ghraichy_2020,https://doi.org/10.3389/fimmu.2020.01734,n=53,0.04349003358399,0.0387591626758075,0.0484166865171291
1-2,IGHV,TRUE,Naive,IgH,Ghraichy_2020,https://doi.org/10.3389/fimmu.2020.01734,n=53,0.030667074323168,0.0270761477050411,0.0345171433700896
1-24,IGHV,TRUE,Naive,IgH,Ghraichy_2020,https://doi.org/10.3389/fimmu.2020.01734,n=53,0.013369230324877,0.0112453711306402,0.0156259279670601
1-3,IGHV,TRUE,Naive,IgH,Ghraichy_2020,https://doi.org/10.3389/fimmu.2020.01734,n=53,0.00792731066357053,0.00647492677312462,0.0095692809906455
1-38-4,IGHV,TRUE,Naive,IgH,Ghraichy_2020,https://doi.org/10.3389/fimmu.2020.01734,n=53,8.70219804904998e-05,2.96106314740189e-05,0.000220576878795055
1-45,IGHV,TRUE,Naive,IgH,Ghraichy_2020,https://doi.org/10.3389/fimmu.2020.01734,n=53,0.00103786237458227,0.000764324887302078,0.00135937601105716
1-46,IGHV,TRUE,Naive,IgH,Ghraichy_2020,https://doi.org/10.3389/fimmu.2020.01734,n=53,0.0154054002566805,0.013015312836612,0.0179083136575057
1-58,IGHV,TRUE,Naive,IgH,Ghraichy_2020,https://doi.org/10.3389/fimmu.2020.01734,n=53,0.00489911537632792,0.00387909634157628,0.00604970336345322
1-68,IGHV,TRUE,Naive,IgH,Ghraichy_2020,https://doi.org/10.3389/fimmu.2020.01734,n=53,0.000203011620558873,0.000111427360602189,0.00033322750279234
1-69,IGHV,TRUE,Naive,IgH,Ghraichy_2020,https://doi.org/10.3389/fimmu.2020.01734,n=53,0.0542083956753652,0.048740588528154,0.0597642183128328
1-69-2,IGHV,TRUE,Naive,IgH,Ghraichy_2020,https://doi.org/10.3389/fimmu.2020.01734,n=53,0.000233446164561573,0.000130237634239394,0.000381131936173645
1-8,IGHV,TRUE,Naive,IgH,Ghraichy_2020,https://doi.org/10.3389/fimmu.2020.01734,n=53,0.0130971949335101,0.0109192812378576,0.0154084672480659
1-NL1,IGHV,TRUE,Naive,IgH,Ghraichy_2020,https://doi.org/10.3389/fimmu.2020.01734,n=53,3.13887177357132e-05,5.00362920428104e-06,0.00010663707374223
1/OR15-1,IGHV,TRUE,Naive,IgH,Ghraichy_2020,https://doi.org/10.3389/fimmu.2020.01734,n=53,3.66118882523527e-05,8.28157095888867e-06,9.75844993647361e-05
1/OR15-3,IGHV,TRUE,Naive,IgH,Ghraichy_2020,https://doi.org/10.3389/fimmu.2020.01734,n=53,3.60962092183361e-05,1.35536772619475e-06,0.000206437685421784
1/OR15-9,IGHV,TRUE,Naive,IgH,Ghraichy_2020,https://doi.org/10.3389/fimmu.2020.01734,n=53,3.52561705519885e-05,2.69011754978888e-06,0.000169000244641538
2-26,IGHV,TRUE,Naive,IgH,Ghraichy_2020,https://doi.org/10.3389/fimmu.2020.01734,n=53,0.004156340569715,0.00324652291477272,0.00515820205819647
2-5,IGHV,TRUE,Naive,IgH,Ghraichy_2020,https://doi.org/10.3389/fimmu.2020.01734,n=53,0.0161378579872644,0.0137307305123231,0.0187207503011645
2-70,IGHV,TRUE,Naive,IgH,Ghraichy_2020,https://doi.org/10.3389/fimmu.2020.01734,n=53,0.00682929951062229,0.00547760057341322,0.0082382506631096
2-70D,IGHV,TRUE,Naive,IgH,Ghraichy_2020,https://doi.org/10.3389/fimmu.2020.01734,n=53,0.0013859054995665,0.00101966197315865,0.00182998833065912
3-11,IGHV,TRUE,Naive,IgH,Ghraichy_2020,https://doi.org/10.3389/fimmu.2020.01734,n=53,0.0166702896118048,0.0141914706015136,0.0193406323106165
3-13,IGHV,TRUE,Naive,IgH,Ghraichy_2020,https://doi.org/10.3389/fimmu.2020.01734,n=53,0.00520934529388375,0.00414207271561513,0.00637003222770324
3-15,IGHV,TRUE,Naive,IgH,Ghraichy_2020,https://doi.org/10.3389/fimmu.2020.01734,n=53,0.0170647367776847,0.0146107143915155,0.0197259917688342
3-19,IGHV,TRUE,Naive,IgH,Ghraichy_2020,https://doi.org/10.3389/fimmu.2020.01734,n=53,0.000142310742680856,6.67069878493293e-05,0.000257602402668113
3-20,IGHV,TRUE,Naive,IgH,Ghraichy_2020,https://doi.org/10.3389/fimmu.2020.01734,n=53,0.00311797801618933,0.00239352114844239,0.00394610454944962
3-21,IGHV,TRUE,Naive,IgH,Ghraichy_2020,https://doi.org/10.3389/fimmu.2020.01734,n=53,0.0486359682368533,0.0436965038832539,0.0539652873313896
3-22,IGHV,TRUE,Naive,IgH,Ghraichy_2020,https://doi.org/10.3389/fimmu.2020.01734,n=53,4.83105811060098e-05,1.31684252146753e-05,0.000120452770940647
3-23,IGHV,TRUE,Naive,IgH,Ghraichy_2020,https://doi.org/10.3389/fimmu.2020.01734,n=53,0.109194059586544,0.100234094240775,0.118516649742122
3-29,IGHV,TRUE,Naive,IgH,Ghraichy_2020,https://doi.org/10.3389/fimmu.2020.01734,n=53,5.2848358249827e-05,2.62006904833613e-06,0.000296973001004104
3-30,IGHV,TRUE,Naive,IgH,Ghraichy_2020,https://doi.org/10.3389/fimmu.2020.01734,n=53,0.0348588637955468,0.0307993026068813,0.0390654725536351
3-30-3,IGHV,TRUE,Naive,IgH,Ghraichy_2020,https://doi.org/10.3389/fimmu.2020.01734,n=53,0.00567234704506083,0.00435960873724232,0.00715863667692391
3-33,IGHV,TRUE,Naive,IgH,Ghraichy_2020,https://doi.org/10.3389/fimmu.2020.01734,n=53,0.0227685555255783,0.0197956381732911,0.0259102777954152
3-35,IGHV,TRUE,Naive,IgH,Ghraichy_2020,https://doi.org/10.3389/fimmu.2020.01734,n=53,0.000352653913678497,0.000222302012947603,0.000518718981749029
3-38-3,IGHV,TRUE,Naive,IgH,Ghraichy_2020,https://doi.org/10.3389/fimmu.2020.01734,n=53,0.000166583159410632,8.15794253184283e-05,0.000305768679693168
3-43,IGHV,TRUE,Naive,IgH,Ghraichy_2020,https://doi.org/10.3389/fimmu.2020.01734,n=53,0.00587462330465461,0.00467775669714077,0.00715975009450346
3-43D,IGHV,TRUE,Naive,IgH,Ghraichy_2020,https://doi.org/10.3389/fimmu.2020.01734,n=53,0.00103084184877014,0.000726391698070272,0.00140412254226674
3-47,IGHV,TRUE,Naive,IgH,Ghraichy_2020,https://doi.org/10.3389/fimmu.2020.01734,n=53,0.000251841050188076,0.00014546254564523,0.000392438609030266
3-48,IGHV,TRUE,Naive,IgH,Ghraichy_2020,https://doi.org/10.3389/fimmu.2020.01734,n=53,0.0332692063588681,0.0293937921595991,0.0374986004941321
3-49,IGHV,TRUE,Naive,IgH,Ghraichy_2020,https://doi.org/10.3389/fimmu.2020.01734,n=53,0.00685187640811784,0.00551841327981875,0.00827195286501191
3-52,IGHV,TRUE,Naive,IgH,Ghraichy_2020,https://doi.org/10.3389/fimmu.2020.01734,n=53,0.000485314112945197,0.000326691291562476,0.000682085526841961
3-53,IGHV,TRUE,Naive,IgH,Ghraichy_2020,https://doi.org/10.3389/fimmu.2020.01734,n=53,0.0190761366421047,0.0164560207369325,0.0219093792980872
3-64,IGHV,TRUE,Naive,IgH,Ghraichy_2020,https://doi.org/10.3389/fimmu.2020.01734,n=53,0.00352232367418645,0.00271343955379613,0.00440103757236184
3-64D,IGHV,TRUE,Naive,IgH,Ghraichy_2020,https://doi.org/10.3389/fimmu.2020.01734,n=53,0.0025246254204704,0.00190855890858105,0.00323954836780118
3-66,IGHV,TRUE,Naive,IgH,Ghraichy_2020,https://doi.org/10.3389/fimmu.2020.01734,n=53,0.00430834033412647,0.0033315541113812,0.00539835862980164
3-69-1,IGHV,TRUE,Naive,IgH,Ghraichy_2020,https://doi.org/10.3389/fimmu.2020.01734,n=53,0.00034503181416508,0.000213256372706808,0.000512809855783092
3-7,IGHV,TRUE,Naive,IgH,Ghraichy_2020,https://doi.org/10.3389/fimmu.2020.01734,n=53,0.0305489350612431,0.0268226422329176,0.0343364797178357
3-71,IGHV,TRUE,Naive,IgH,Ghraichy_2020,https://doi.org/10.3389/fimmu.2020.01734,n=53,5.03317963666131e-05,1.11892413821519e-05,0.000156393118126303
3-72,IGHV,TRUE,Naive,IgH,Ghraichy_2020,https://doi.org/10.3389/fimmu.2020.01734,n=53,0.00279806014364208,0.00215097913929821,0.00351072728833573
3-73,IGHV,TRUE,Naive,IgH,Ghraichy_2020,https://doi.org/10.3389/fimmu.2020.01734,n=53,0.00498882905632133,0.00395891736407366,0.00613068962584098
3-74,IGHV,TRUE,Naive,IgH,Ghraichy_2020,https://doi.org/10.3389/fimmu.2020.01734,n=53,0.014542605099485,0.0123740637227566,0.0168683420067764
3-9,IGHV,TRUE,Naive,IgH,Ghraichy_2020,https://doi.org/10.3389/fimmu.2020.01734,n=53,0.00894425640979522,0.00720875400677727,0.0107606846258308
3-NL1,IGHV,TRUE,Naive,IgH,Ghraichy_2020,https://doi.org/10.3389/fimmu.2020.01734,n=53,5.20747498729403e-05,1.47576295800872e-05,0.000114154888433548
3/OR16-10,IGHV,TRUE,Naive,IgH,Ghraichy_2020,https://doi.org/10.3389/fimmu.2020.01734,n=53,3.34958557014272e-05,1.28388071751604e-06,0.000178576863709418
3/OR16-9,IGHV,TRUE,Naive,IgH,Ghraichy_2020,https://doi.org/10.3389/fimmu.2020.01734,n=53,3.81078081881677e-05,2.64884258829428e-06,0.000182210611197587
4-28,IGHV,TRUE,Naive,IgH,Ghraichy_2020,https://doi.org/10.3389/fimmu.2020.01734,n=53,0.00126502342231449,0.000940917203628133,0.00164265453555423
4-30-2,IGHV,TRUE,Naive,IgH,Ghraichy_2020,https://doi.org/10.3389/fimmu.2020.01734,n=53,0.00432400011960236,0.00338147340621006,0.00535996308582902
4-30-4,IGHV,TRUE,Naive,IgH,Ghraichy_2020,https://doi.org/10.3389/fimmu.2020.01734,n=53,0.00410925813673431,0.00299501651234145,0.00535355892913959
4-31,IGHV,TRUE,Naive,IgH,Ghraichy_2020,https://doi.org/10.3389/fimmu.2020.01734,n=53,0.0199224454330614,0.0171745901669288,0.0228973396523997
4-34,IGHV,TRUE,Naive,IgH,Ghraichy_2020,https://doi.org/10.3389/fimmu.2020.01734,n=53,0.107074121912339,0.0982731534697239,0.116350615720678
4-38-2,IGHV,TRUE,Naive,IgH,Ghraichy_2020,https://doi.org/10.3389/fimmu.2020.01734,n=53,0.00272384133988469,0.0020410140735395,0.00351476448305142
4-39,IGHV,TRUE,Naive,IgH,Ghraichy_2020,https://doi.org/10.3389/fimmu.2020.01734,n=53,0.0610740057750365,0.0551550022727168,0.0672956680458655
4-4,IGHV,TRUE,Naive,IgH,Ghraichy_2020,https://doi.org/10.3389/fimmu.2020.01734,n=53,0.0229343814240788,0.0198670959644408,0.0262366337938616
4-55,IGHV,TRUE,Naive,IgH,Ghraichy_2020,https://doi.org/10.3389/fimmu.2020.01734,n=53,3.90295544824012e-05,5.35624740230243e-06,0.000166092711794509
4-59,IGHV,TRUE,Naive,IgH,Ghraichy_2020,https://doi.org/10.3389/fimmu.2020.01734,n=53,0.0745482956623427,0.0677643288130766,0.081691913089372
4-61,IGHV,TRUE,Naive,IgH,Ghraichy_2020,https://doi.org/10.3389/fimmu.2020.01734,n=53,0.0173521650625841,0.0148257636163746,0.0200161946154165
4/OR15-8,IGHV,TRUE,Naive,IgH,Ghraichy_2020,https://doi.org/10.3389/fimmu.2020.01734,n=53,6.99883676462179e-05,2.47744290287017e-05,0.000140344020564733
5-10-1,IGHV,TRUE,Naive,IgH,Ghraichy_2020,https://doi.org/10.3389/fimmu.2020.01734,n=53,0.00168362821362913,0.00122153786415275,0.00226177560840737
5-51,IGHV,TRUE,Naive,IgH,Ghraichy_2020,https://doi.org/10.3389/fimmu.2020.01734,n=53,0.0185307947237655,0.0159163531434267,0.0213124597648553
5-78,IGHV,TRUE,Naive,IgH,Ghraichy_2020,https://doi.org/10.3389/fimmu.2020.01734,n=53,3.47723941331031e-05,2.47372769035093e-06,0.00016822365374875
6-1,IGHV,TRUE,Naive,IgH,Ghraichy_2020,https://doi.org/10.3389/fimmu.2020.01734,n=53,0.0132489968667361,0.011230651285628,0.0154944489912177
7-4-1,IGHV,TRUE,Naive,IgH,Ghraichy_2020,https://doi.org/10.3389/fimmu.2020.01734,n=53,0.00222793983247342,0.00166890978758079,0.00287110106761666
7-81,IGHV,TRUE,Naive,IgH,Ghraichy_2020,https://doi.org/10.3389/fimmu.2020.01734,n=53,0.000136586294028802,6.272171863331e-05,0.000253792686905891
IGHJ1,IGHJ,TRUE,Memory,IgH,Ghraichy_2020,https://doi.org/10.3389/fimmu.2020.01734,n=53,0.015003598859265,0.0139019678083766,0.0161711850546666
IGHJ2,IGHJ,TRUE,Memory,IgH,Ghraichy_2020,https://doi.org/10.3389/fimmu.2020.01734,n=53,0.029653840508407,0.027865119922089,0.0315515716147988
IGHJ3,IGHJ,TRUE,Memory,IgH,Ghraichy_2020,https://doi.org/10.3389/fimmu.2020.01734,n=53,0.107717242083464,0.102339563065916,0.112991466784577
IGHJ4,IGHJ,TRUE,Memory,IgH,Ghraichy_2020,https://doi.org/10.3389/fimmu.2020.01734,n=53,0.571735982921308,0.558810839525065,0.584280797370283
IGHJ5,IGHJ,TRUE,Memory,IgH,Ghraichy_2020,https://doi.org/10.3389/fimmu.2020.01734,n=53,0.106871043180771,0.101473658622235,0.112450141367694
IGHJ6,IGHJ,TRUE,Memory,IgH,Ghraichy_2020,https://doi.org/10.3389/fimmu.2020.01734,n=53,0.163990901907891,0.15684080969426,0.171402761341181
IGHJ1,IGHJ,TRUE,Naive,IgH,Ghraichy_2020,https://doi.org/10.3389/fimmu.2020.01734,n=53,0.0124346994961719,0.0115400153474163,0.0133749992114482
IGHJ2,IGHJ,TRUE,Naive,IgH,Ghraichy_2020,https://doi.org/10.3389/fimmu.2020.01734,n=53,0.0263411214169668,0.0248370857222118,0.0279116103641782
IGHJ3,IGHJ,TRUE,Naive,IgH,Ghraichy_2020,https://doi.org/10.3389/fimmu.2020.01734,n=53,0.11066009754193,0.105919521035985,0.115427737469345
IGHJ4,IGHJ,TRUE,Naive,IgH,Ghraichy_2020,https://doi.org/10.3389/fimmu.2020.01734,n=53,0.474709959720242,0.46344938180841,0.48602237149545
IGHJ5,IGHJ,TRUE,Naive,IgH,Ghraichy_2020,https://doi.org/10.3389/fimmu.2020.01734,n=53,0.124646501009355,0.119509255390617,0.130034707179177
IGHJ6,IGHJ,TRUE,Naive,IgH,Ghraichy_2020,https://doi.org/10.3389/fimmu.2020.01734,n=53,0.247070384684066,0.238616765278578,0.255563719061142
